pool_id,doc_id,left_context,surface,right_context,type,occurrences,verdict,true_type,notes
P00664,HOUSE_OVERSIGHT_027030,"lert Sent from my iPhone Begin forwarded message: ,""Miller,",Glen,""" < From: ""Kaczorowski, Monice M."" < <mailto Date: May 22, 2",PERSON,1,y,,
P00287,HOUSE_OVERSIGHT_023038,him. subsequently was directed to meet him at Mr Epstein's,New York,house where Ms Maxwell directe to sit on Andrew's knee witi,GPE,7,y,,
P00283,HOUSE_OVERSIGHT_023038,"ar Brett Jaffe, I left you a telephone message earlier. The",Mail on Sunday,"newspaper is running a story on Ghislaine Maxwell, Jeffrey",ORG,2,n,PERSON,
P00750,HOUSE_OVERSIGHT_027455,"8B-940C-E6D5AB4BD9B1 Message: Add Kavanaugh , Canada trade,",Maxine waters,". screaming. . Kavanaugh hearing congressman Blumenthal , th",PERSON,2,y,,
P00511,HOUSE_OVERSIGHT_024271,Investing Incubated and Founded Dozens of Startups 100’s of,Silicon Valley,Investments *Absolute Return Magazine 2004 ONE FERRY BUILDI,GPE,3,y,,
P00652,HOUSE_OVERSIGHT_026938,The Last Laugh podcast: Arrested Development and Veep star,Tony Hale,.,PERSON,3,y,,
P01153,HOUSE_OVERSIGHT_032760,From: Sent: To: CC: Subject:,LHS,3/25/2018 5:25:02 PM jeffrey E. [jeeyacation@gmail.com] lhs,ORG,4,y,,
P00852,HOUSE_OVERSIGHT_029884,; Bradley J. Edwards Cc: Robert D. Critton Jr. Subject: RE:,Jane Doe Brad,is out of the office until this afternoon — I will ask him,PERSON,2,y,,
P00578,HOUSE_OVERSIGHT_025176,re not so east of my SF location! David PS How to trade the,Trump," -GOP demolition of the welfare state, erratic elevation of r",ORG,1,y,,
P01109,HOUSE_OVERSIGHT_031809,"? My patience is at its end On Fri, Jul 13, 2018 at 2:13 PM",Paul Barrett,< > wrote: My initial recommendation this morning was to bu,PERSON,21,y,,
P00132,HOUSE_OVERSIGHT_022211,"inors. Beginning as far back as 2001, Epstein lured 1 :14 s",IngdEei,"rgaet gni:idet crn ha Iss masturbation, szczxl intercourse,",GPE,3,n,PERSON,
P01116,HOUSE_OVERSIGHT_031996,"Dalton!! The young, bright options trader, who > understood",Black Sholes,"and how to use it, at Bear, made good!! > • Unless your PR",PERSON,6,y,,
P01134,HOUSE_OVERSIGHT_031996,"allairal = tar et=3D""_blank"" "" /Tont></alv><alv><a nrer=3D""",malits4MOMMEMMEM,"' target=3D""_blank""><font face=3D""arial narrow,san= s-serif",ORG,2,y,,
P00630,HOUSE_OVERSIGHT_026938,"now by subscribing to The Last Laugh on Apple Podcasts, the",Himalaya,app or wherever you listen to podcasts. On the 'heartbreaki,ORG,2,y,,
P00371,HOUSE_OVERSIGHT_024271,low-­‐cost and transparent transacDon infrastructure.” -­‐,Anju Patwardhan,", Chief InnovaDon Officer",PERSON,3,y,,
P00365,HOUSE_OVERSIGHT_024271,"to be close to that development.” -­‐ Simon McNamara, Chief",AdministraDve,"Officer at RBS ONE FERRY BUILDING, SUITE 255 SAN FRANCISCO,",ORG,2,y,,
P00834,HOUSE_OVERSIGHT_029304, ,THE TRUMP ORGANIZATION,"July 11, 2011 To whom it may concern: For the past three ye",ORG,2,y,,
P00608,HOUSE_OVERSIGHT_026627,30 2ND DEBATE Hillary Clinton 87 13 3RD DEBATE Donald Trump,Michigan,Trump 3% - Clinton 97% 98 97 2 3 1ST DEBATE 3RD DEBATE Hill,GPE,3,y,,
P00850,HOUSE_OVERSIGHT_029884,"N. Flagler Drive Suite #400 West Palm Beach, FL 33401 From:",Jacquie Johnson,"[mailto Sent: Tuesday, August 11, 2009 2:55 PM To: Jessica",PERSON,22,y,,
P01101,HOUSE_OVERSIGHT_031809,": Friday, July 13, 2018 9:42 AM To: jeffrey E. Subject: RE:",Jeffrey,IIIIIIMIMI ; Richard Kahn I understand your frustrations an,PERSON,9,y,,
P01306,HOUSE_OVERSIGHT_033491,"otos of unmasked B727,Anbsp;Paint shop indicated we can use",Vinyl,"f= or your ""E"" Logo and ""Flag"" as oppose of painting, this",PERSON,1,n,ORG,
P00137,HOUSE_OVERSIGHT_022211,eive a response for this story. Palm Beach police detective,Joseph Recarey,", one of the most highly decorat. officers on the P.m Beach",PERSON,5,y,,
P01137,HOUSE_OVERSIGHT_031996,195.12.15 with SMTP id eml5mr166563452wjd.80.1420506919320;,Mon,", 05 Jan 2015 17:15:19 -0800 (PST) Received: by 10.194.47.1",ORG,1,y,,
P00749,HOUSE_OVERSIGHT_027455,"8B-940C-E6D5AB4BD9B1 Message: Add Kavanaugh , Canada trade,",Maxine,waters. screaming. . Kavanaugh hearing congressman Blumenth,PERSON,1,y,,
P00864,HOUSE_OVERSIGHT_029884,"Subject: Jane Doe Brad — In your answers to ROGS, you list",Milton Center,for girls as facility that Jane Doe attended. Milton Center,PERSON,2,y,,
P00182,HOUSE_OVERSIGHT_022977,161.jpg; Screenshot-814-300x161.png; Rep.- Barbara-Comstock-,Facebook,-300x161.png; Big-Bang-Theory-1-300x161.jpg; Iyanka-Trump-AB,ORG,2,y,,
P00665,HOUSE_OVERSIGHT_027030,", but it's all relative. Pritzker, whose family founded the",Hyatt,"hotel chain, is worth about $1.5 billion. So it's easy to s",GPE,1,n,ORG,
P00522,HOUSE_OVERSIGHT_024271,PHENS BRAD STEPHENS BROCK PIERCE PAUL STEPHENS EXPERIENCE •,Stephens Inv. Mgmt.,• Ivanhoe Capital • E*Trade Group • Princeton • Stephens In,ORG,3,y,,
P01003,HOUSE_OVERSIGHT_031192,"DYKE DARREN K. INDYKE, PLLC 575 Lexington Avenue, 4th Floor",New York,", New York 10022 Telephone: Telecopier: Mobile email: ******",GPE,6,y,,
P00871,HOUSE_OVERSIGHT_029884,"TTON LUTTIER & COLEMAN, LLP 515 N. Flagler Drive Suite #400",West Palm Beach,", FL 33401 From: Jeffrey Epstein [mailto:jeevacation@gmail.c",GPE,14,y,,
P00512,HOUSE_OVERSIGHT_024271,ates LEGAL Sidley Austin TAX / AUDIT Crawford Pimintel BANK,Silicon Valley Bank, ,GPE,2,y,,
P00389,HOUSE_OVERSIGHT_024271,"p) SIMON MCNAMARA | CTO: RBS, ex-CIO of Standard Chartered,",BNP,and Deutsche Bank VINNY LINGHAM | CEO: Gyft (acquired by Fi,ORG,2,y,,
P00433,HOUSE_OVERSIGHT_024271,sted in > 25x • Robertson Stephens & Co. • RS Investments •,Duke Endowment,• UC Berkeley Endowment Startups RECOGNITION #2 U.S. Long/S,ORG,2,y,,
P00517,HOUSE_OVERSIGHT_024271,07) - Merged with ItemBay Zam (2004-2012) - Sold to TenCent,Singularity University,IMI Exchange (2004-Present) Xfire 2.0 (2011-Present) Playsi,ORG,3,y,,
P00740,HOUSE_OVERSIGHT_027455,", Maxine waters. screaming. . Kavanaugh hearing congressman",Blumenthal,", the liar. Talking about one lie means all lies. . I think",PERSON,3,y,,
P00707,HOUSE_OVERSIGHT_027278,B045169 Message: Kurtz important. As he will host trump and,Putin Sender,: e:jeeitunes@gmail.com Time: 06/10/18 08:44:07 AM (55033824,PERSON,1,y,,
P00399,HOUSE_OVERSIGHT_024271,"Officer at RBS ONE FERRY BUILDING, SUITE 255 SAN FRANCISCO,",CA 94111,investor@blockchain.capital 3 THREE TECHNOLOGY EVOLUTIONS O,GPE,2,y,,
P00648,HOUSE_OVERSIGHT_026938,From: paul krassner Sent: 3/30/2019 4:23:32 AM To:,Steven Gaydos,Subject: Re: IMPORTANT [REDACTED]1 Importance: High THE LAS,PERSON,3,y,,
P00712,HOUSE_OVERSIGHT_027278,8F48-E3B9BB045169 Message: Kurtz important. As he will host,trump,and Putin Sender: e:jeeitunes@gmail.com Time: 06/10/18 08:4,PERSON,1,y,,
P00545,HOUSE_OVERSIGHT_024271,"ORY BOARD ALISON DAVIS* | Director: Royal Bank of Scotland,",XOOM,", Fiserv and First Data MARY CRANSTON | Director: VISA, ex-C",ORG,2,y,,
P00848,HOUSE_OVERSIGHT_029884,"Doe [REDACTED] feJgca &dwelt, eg; cia' Certified Paralegal",Florida,"Registered Paralegal BURMAN CRITTON LUTTIER & COLEMAN, LLP",GPE,11,n,ORG,
P00184,HOUSE_OVERSIGHT_022977,YORE AWARE OF ITS EXISTENCE--pk facebook.png; twitter.png;,google_plus.png,; rss.png; email.png; Screen-Shot-2017-05-04-at-10.31.40-PM-,ORG,1,y,,
P00743,HOUSE_OVERSIGHT_027455,749 Message: Add Pelosi being asked if she leaked the blade,ford,document. Sender: e:jeeitunes@gmail.com Time: 10/24/18 06:4,PERSON,1,y,,
P01047,HOUSE_OVERSIGHT_031442,"on, 05 Jan 2015 17:15:19 -0800 (PST) DKIM-Signature: v=1; a=",rsa,-sha256; c=relaxed/relaxed; d=gmail.com; s=20120113; h=mi me,ORG,2,y,,
P00975,HOUSE_OVERSIGHT_031192,From:,Darren Indyke,Sent: 12/24/2015 5:04:27 PM To: jeffrey E. [jeevacation@gma,PERSON,7,y,,
P00388,HOUSE_OVERSIGHT_024271,"rNova September ’14 $50,000 Converted to Series A preferred",BlockStream,"October’14 $100,000 Series A preferred ChangeTip November ’",ORG,2,y,,
P00495,HOUSE_OVERSIGHT_024271,"n CHRIS PALLOTTA | Special Advisor: MIT Media Lab, Partner:",Raptor Capital,MATT OCKO | Partner: Data Collective WILL O’BRIEN | Co-foun,ORG,2,y,,
P00465,HOUSE_OVERSIGHT_024271,OCK PIERCE PAUL STEPHENS EXPERIENCE • Stephens Inv. Mgmt. •,Ivanhoe Capital,• E*Trade Group • Princeton • Stephens Inv. Mgmt. • Fidelit,ORG,2,y,,
P00888,HOUSE_OVERSIGHT_030408,om] Sent: 8/8/2018 3:08:21 PM To: Steve Bannon Subject: Re:,Reuters,: China defends Iran business ties after Trump threat https:,ORG,3,y,,
P01030,HOUSE_OVERSIGHT_031442,financial successes since your days as > my Physics prof at,Dalton,"!! The young, bright options trader, who > understood Black",PERSON,2,y,,
P00124,HOUSE_OVERSIGHT_022211,trattda erettrhi::O in=idts :reeegdt0 5t2 ie°rIiin:fdteorka:,eBal,":ir C°untY st'kad""°nt:141'11:t was 50 wars oid. Epstein's se",GPE,1,n,ORG,
P00933,HOUSE_OVERSIGHT_031112,"use. ""If the Republicans continue on the path they are on,""",Bannon,"told me Thursday, ""they will lose 40 seats in the House and",PERSON,22,y,,
P00952,HOUSE_OVERSIGHT_031112,From: Sultan Bin Sulayem Sent: 6/1/2018 10:54:16 PM To:,Jeffrey Epstein,[jeevacation@gmail.com] Subject: Fwd: Steve Bannon's clever,PERSON,3,y,,
P01098,HOUSE_OVERSIGHT_031809,", July 13, 2018 9:42 AM To: jeffrey E. Subject: RE: Jeffrey",IIIIIIMIMI,; Richard Kahn I understand your frustrations and appreciat,ORG,4,n,PERSON,
P00841,HOUSE_OVERSIGHT_029884, ,Cadwell,Subject: RE: Jane Doe From: Jessica Cadwell [mailto Sent: T,PERSON,2,y,,
P00657,HOUSE_OVERSIGHT_027030,"d to file a correction to her government-filed disclosures,",Bloomberg,"is reporting. That might sound like a lot of money, but it'",ORG,3,y,,
P00226,HOUSE_OVERSIGHT_022977,,Texas-Governor-Greg- Abbott,,PERSON,1,y,,
P00185,HOUSE_OVERSIGHT_022977,eful Democrats see Trumpcare as political suicide for House,GOP,": 'They are staring death in the face' By commenting, you ag",ORG,8,y,,
P00284,HOUSE_OVERSIGHT_023038,J Jep <jeevacation@gmail.com> ---- Forwarded Message From:,Mark Cohen,"Date: Fri, 4 Mar 2011 11:14:35 -0500 To: NY Max <gmaxl@ellm",PERSON,6,y,,
P00672,HOUSE_OVERSIGHT_027030,"ned her. --------Original message-------- From: ""Eisenberg,",Marshall E.,""" < Date: To: ""Pritzker, Tom"" - Subject: Fwd: Pritzker Alert",PERSON,4,y,,
P00420,HOUSE_OVERSIGHT_024271,o launch private company exchange “As blockchain technology,conDnues,"to redefine not only how the exchange sector operates, but",ORG,1,y,,
P00972,HOUSE_OVERSIGHT_031192,"RREN K. INDYKE DARREN K. INDYKE, PLLC 575 Lexington Avenue,",4th Floor,"New York, New York 10022 Telephone: Telecopier: Mobile emai",ORG,2,y,,
P00619,HOUSE_OVERSIGHT_026627,6% 25 2ND DEBATE Hillary Clinton 14 3RD DEBATE Donald Trump,Washington,Trump 33% - Clinton 67% 52 48 2ND DEBATE Hillary Clinton 67,ORG,1,n,GPE,
P00836,HOUSE_OVERSIGHT_029884,J. Edwards Cc: Robert D. Critton Jr. Subject: RE: Jane Doe,Brad,is out of the office until this afternoon — I will ask him,PERSON,1,y,,
P00390,HOUSE_OVERSIGHT_024271,B • Furman Selz • Duke • Chairman of the Bitcoin Foundation,Board • Founded,15x Startups • Raised > $200M • Invested in > 25x • Roberts,ORG,1,n,PERSON,
P00714,HOUSE_OVERSIGHT_027278,aving dinner with him in Paris on 22 June. He could come to,Vienna,any time between the 23 and 28 of that month. He is a very,GPE,2,y,,
P01121,HOUSE_OVERSIGHT_031996,"Content-Transfer-Encoding: quoted-printable thanks, what is",david,"doing? On Mon, Jan 5, 2015 at 6:12 PM, Christina Galbraith",PERSON,6,y,,
P00381,HOUSE_OVERSIGHT_024271,"September ‘14 $25,000 Note discounted to Series A preferred",BitNet,"October ‘14 $75,000 Series A Preferred TOTAL $470,000 (curr",ORG,3,y,,
P00688,HOUSE_OVERSIGHT_027030,"come more often On Wed, May 22, 2013 at 11:15 PM, Pritzker,",Tom,< wrote: I clearly did something wrong in my last life to h,PERSON,2,y,,
P00443,HOUSE_OVERSIGHT_024271,"DAVIS* | Director: Royal Bank of Scotland, XOOM, Fiserv and",First Data,"MARY CRANSTON | Director: VISA, ex-CEO and Chair of Pillsbu",ORG,3,y,,
P00940,HOUSE_OVERSIGHT_031112,"non, the chief ideologist of the populist wave that brought",Donald Trump,"into the White House. ""If the Republicans continue on the p",PERSON,6,y,,
P00612,HOUSE_OVERSIGHT_026627,48 2ND DEBATE Hillary Clinton 67 33 3RD DEBATE Donald Trump,Ohio,Trump 40% - Clinton 60% 96 4 2ND DEBATE Hillary Clinton 60,GPE,3,y,,
P00528,HOUSE_OVERSIGHT_024271,"nvestor@blockchain.capital 8 CRYPTO CURRENCY PARTNERS I, LP",The First Dedicated Bitcoin Venture Fund - 30 Investments,", Fully Deployed ONE FERRY BUILDING, SUITE 255 SAN FRANCISCO",ORG,1,y,,
P01099,HOUSE_OVERSIGHT_031809,"h puts ??? On Fri, Jul 13, 2018 at 1:40 PM Paul Barrett .11=",IMIMM,> wrote: Any thoughts on the AVGO Aug puts? Stock trading at,ORG,2,y,,
P00679,HOUSE_OVERSIGHT_027030,"ington Post May 22, 2013 Section: in-the-loop Obama nominee",Penny Pritzker's,$80 million mistake President Obama's billionaire nominee t,PERSON,7,y,,
P01144,HOUSE_OVERSIGHT_032423,"s fees. free maintence etc On Wed, Jan 11, 2017 at 9:02 PM,",Kathy,"Ruemmler[REDACTED]wrote: Not to disturb you, but I am struc",PERSON,1,y,,
P00218,HOUSE_OVERSIGHT_022977,h-MSNBC-410x220.png; Sad-Paul-Ryan-via-twitter-410x220.png;,Sen.-Bill-,Cassidy-CNN-410x220.png; Screenshot-814-410x220.png; trumpe,ORG,1,n,PERSON,
P01280,HOUSE_OVERSIGHT_033491,"<div>&nbsp;</div> <div style=3D""color: black; font-family:",arial,",helvetica; font-size: lOpt;""= >-----Original Message-----<b",ORG,2,y,,
P01010,HOUSE_OVERSIGHT_031192,s $50 Billion Dollar Ponzi Scheme Text Only You Have Photo,Steven J. Hoffenberg,New York Post Publishing INC. C E TOWERSINVESTORS.COM C E S,PERSON,4,y,,
P00282,HOUSE_OVERSIGHT_023038,"ar Brett Jaffe, I left you a telephone message earlier. The",Mail,on Sunday newspaper is running a story on Ghislaine Maxwell,ORG,1,y,,
P00496,HOUSE_OVERSIGHT_024271,"opment.” -­‐ Simon McNamara, Chief AdministraDve Officer at",RBS,"ONE FERRY BUILDING, SUITE 255 SAN FRANCISCO, CA 94111 inves",ORG,4,y,,
P01125,HOUSE_OVERSIGHT_031996,"a>&gt;< span>< r>Date: Mon, Jan 5, 2015 > l a-.11.<r..a= '","High &quot;<a href=3D""mailto",":Jeffrey@jeffreyepstein.or= g"" target=3D""_blank"">Jeffrey@jef",ORG,4,n,PERSON,
P00438,HOUSE_OVERSIGHT_024271,"A, ex-CEO and Chair of Pillsbury Winthrop TERRY SCHWAKOPF |",EVP,": Federal Reserve Bank of San Francisco, banking supervision",ORG,1,y,,
P00400,HOUSE_OVERSIGHT_024271,"P OCTOBER 2015 ONE FERRY BUILDING, SUITE 255 SAN FRANCISCO,",CA 94111,investor@blockchain.capital 1 TECHNOLOGY THOUGHT-LEADERS AR,ORG,30,y,,
P00376,HOUSE_OVERSIGHT_024271,ockchain.capital 1 TECHNOLOGY THOUGHT-LEADERS ARE CONVINCED,Bill Gates,: “Bitcoin is be0er than currency…a technological tour de fo,PERSON,2,y,,
P00179,HOUSE_OVERSIGHT_022977,ons to corrections@rawstor .com NEXT ON RAW STORY > Gleeful,Democrats,see Trumpcare as political suicide for House GOP: 'They are,ORG,1,y,,
P00135,HOUSE_OVERSIGHT_022211,"""°nt:141'11:t was 50 wars oid. Epstein's sentencing hearing",Jeffrey Edward Epstein,"appeared at his sentencing on June 30, 2008 at the Palm Bea",PERSON,3,y,,
P00835,HOUSE_OVERSIGHT_029304,THE,TRUMP,"ORGANIZATION July 11, 2011 To whom it may concern: For the",ORG,1,y,,
P00644,HOUSE_OVERSIGHT_026938,"or the first-ever episode of my new podcast The Last Laugh,",Silverman,also spoke frankly about what it has been like to see her f,PERSON,3,y,,
P01025,HOUSE_OVERSIGHT_031442,rences : date: message-id: subject: from: to :content-type;,bh=buIihKI+751WU15BWGwKtOK2/03cOle,/gvCCO4OgIRY=; b=z6YCyAQzipV5nA4ezYelUuzMbCO2F5qd7OFMrCxFpy6,ORG,2,y,,
P01094,HOUSE_OVERSIGHT_031809,5:08 PM To: jeffrey E. [jeeyacation@gmail.com] Subject: Re:,AVG°,_ Importance: High i believe he is married to broadcom as h,ORG,1,y,,
P00585,HOUSE_OVERSIGHT_025176,force rather than a what? Didn't suss out the next word...,Watson,"'s pretty wild and fun, if overconfident about some ideas ab",PERSON,3,y,,
P00224,HOUSE_OVERSIGHT_022977,0.png; default.gif; Sad-Paul-Ryan-yia-twitter- 290x156.png;,Tennessee-Goy-Steye-Bashear-yia-screencap-300x161.png,; Sad-Paul-Ryan-via-twitter-300x161.png; Sen.-Bill-Cassidy-C,ORG,1,n,PERSON,
P01284,HOUSE_OVERSIGHT_033491,"&nbsp;</div> <div style=3D""color: black; font-family: arial,",helvetica,"; font-size: lOpt;""= >-----Original Message-----<br> From: L",ORG,2,y,,
P00278,HOUSE_OVERSIGHT_023038,w. Ms Maxwell and Mr Epstein subsequently travelled with to,Little St James,where she was directed to stage an orgy for Andrew and Mr E,GPE,5,y,,
P00831,HOUSE_OVERSIGHT_029304,"ree years, I have enjoyed a daily working relationship with",Michael Bocci,"°, having trusted him with many of my personal and business",PERSON,3,y,,
P00855,HOUSE_OVERSIGHT_029884,: Jessica Cadwell [REDACTED] Sent: 8/11/2009 7:00:05 PM To:,Jeffrey Epstein,[jeeyacation@gmail.com] Subject: RE: FW: Jane Doe [REDACTED,PERSON,9,y,,
P00370,HOUSE_OVERSIGHT_024271,1 investor@blockchain.capital 7 PARTNERS AND ADVISORY BOARD,ALISON DAVIS,"* | Director: Royal Bank of Scotland, XOOM, Fiserv and First",PERSON,1,y,,
P00680,HOUSE_OVERSIGHT_027030,"bama's billionaire nominee to head the Commerce Department,",Penny Prizker,", understated her income by $80 million. Emily Heil",PERSON,5,y,,
P00139,HOUSE_OVERSIGHT_022211,a case where feder. prosecutors consult with a defense at-,Kenneth,torney before they send out Starr standard victim notificat,PERSON,1,y,,
P00752,HOUSE_OVERSIGHT_027455,No GUID: F7DA4B11-E841-42C5-89D0-931416C67749 Message: Add,Pelosi,being asked if she leaked the blade ford document. Sender:,PERSON,3,y,,
P00534,HOUSE_OVERSIGHT_024271,"of San Francisco, banking supervision MICHAEL MCADAM | CFO:",Union Bank,"(Mitsubishi UFJ Financial Group) SIMON MCNAMARA | CTO: RBS,",ORG,2,y,,
P00216,HOUSE_OVERSIGHT_022977,y-CNN-300x161.png; A-judges-gavel-Shutterstock-300x161.jpg;,Screenshot-814-300x161.png,; Rep.- Barbara-Comstock-Facebook-300x161.png; Big-Bang-Theo,ORG,1,y,,
P00662,HOUSE_OVERSIGHT_027030,". AND I warned her. --------Original message-------- From: ""","Eisenberg, Marshall E.",""" < Date: To: ""Pritzker, Tom"" - Subject: Fwd: Pritzker Alert",PERSON,4,y,,
P00683,HOUSE_OVERSIGHT_027030,From:,"Pritzker, Tom",Sent: 5/23/2013 11:45:14 AM To: Jeffrey Epstein [jeeyacatio,PERSON,5,y,,
P00716,HOUSE_OVERSIGHT_027428,"hey vote US dollar. Turkey iran South America, ie venezuela",argentina,Brazil failed socialism - India. CONFIDENCE IN THE FUTURE-,GPE,2,y,,
P00881,HOUSE_OVERSIGHT_030408,"been retained by Thomson Reuters. Reminder, never post any",FOUO,information to this group. Disclaimer: Posting of articles,ORG,1,y,,
P00379,HOUSE_OVERSIGHT_024271,something like change the world.” Al Gore “I’m a big fan of,Bitcoin…RegulaDon,of money supply needs to be depoliDcized” David Marcus (for,ORG,1,y,,
P00405,HOUSE_OVERSIGHT_024271,"BLOCKCHAIN CAPITAL, LLC","CCP II, LP","OCTOBER 2015 ONE FERRY BUILDING, SUITE 255 SAN FRANCISCO, C",ORG,2,y,,
P00154,HOUSE_OVERSIGHT_022211,"ph Recarey, one of the most highly decorat. officers on the",P.m Beach Police Department,", call. the Epstein case the most troubling of his 23-year c",ORG,3,y,,
P00206,HOUSE_OVERSIGHT_022977,losive of those allegations is once again making headlines.,POLITICO,reported that a new lawsuit reveals details linking Trump t,ORG,4,y,,
P00197,HOUSE_OVERSIGHT_022977,rch ... Bottom of Form Sex slavery lawsuit links Trump's,Mar-a-Lago,to pedophile ring: report NOOR AL-SIBAI 04 MAY 2017 AT 16:4,GPE,5,y,,
P00269,HOUSE_OVERSIGHT_023038,"Date: Friday, March 4 2011 04:56 PM Subject: Fw: Fwd: FW:",Ghislaine Maxwell,From: Gmax <gmax1@ellmax.com> To: jeevacation@gmail.com; --,PERSON,14,y,,
P00731,HOUSE_OVERSIGHT_027428,4D4C15E-51C6-4780-94D8-D72D27B3B7D5 Message: Stronger under,trump, ,PERSON,2,y,,
P00147,HOUSE_OVERSIGHT_022211,"e students against members of the school, footb.I team. The",Miami Herald,"reach. out to Starr, though cettifi. letter and through a s",GPE,2,n,ORG,
P00127,HOUSE_OVERSIGHT_022211,"urday, March 2, 2019 Federal prosecutors admit backing down",Epstein,"'s attorneys applied relentless pressure, they say tliTaild""",PERSON,22,y,,
P00945,HOUSE_OVERSIGHT_031112,midterms Sent from my iPhone Begin forwarded message: From:,Fareed Zakaria GPS,"‹> Date: June 2, 2018 at 2:26:50 AM GMT+4 To: Fareed Zakari",ORG,4,n,PERSON,
P00885,HOUSE_OVERSIGHT_030408,From:,jeffrey E.,[jeevacation@gmail.com] Sent: 8/8/2018 3:08:21 PM To: Steve,PERSON,2,y,,
P01045,HOUSE_OVERSIGHT_031442,195.12.15 with SMTP id eml5mr166563452wjd.80.1420506919320;,Mon,", 05 Jan 2015 17:15:19 -0800 (PST) Received: by 10.194.47.1",ORG,2,y,,
P01023,HOUSE_OVERSIGHT_031442,h and I toasted to you during our Thanksgiving weekend in >,Amagansett,in November. > • Christina Galbraith > MEDIA/PR > > 1111101,GPE,6,y,,
P00892,HOUSE_OVERSIGHT_030408,aid companies doing business with Iran would be barred from,the United States,. This service is not intended to encourage spam. The detail,GPE,1,n,ORG,
P00547,HOUSE_OVERSIGHT_024271,"tegrated with Twitter, GitHub, Reddit, Google+, Tumblr, and",YouTube,. We believe that ChangeTip’s micro transaction platform is,ORG,1,y,,
P00191,HOUSE_OVERSIGHT_022977,t: Attachments: paul krassner[REDACTED] 5/5/2017 3:19:21 PM,jeffrey E.,[jeeyacation@gmail.com] I ONLY FORWARD THIS SO YORE AWARE O,PERSON,3,y,,
P00874,HOUSE_OVERSIGHT_030408,"0:07 AM, Steve Bannon wrote: Begin forwarded message: From:",Anders Corr,"<M11111> Date: August 8, 2018 at 5:32:57 AM EDT To: Fanell",PERSON,1,y,,
P00455,HOUSE_OVERSIGHT_024271,"ndard Chartered, BNP and Deutsche Bank VINNY LINGHAM | CEO:",Gyft,(acquired by First Data) BOBBY LEE | CEO: BTC China NICCOLO,PERSON,1,n,ORG,
P01041,HOUSE_OVERSIGHT_031442,"iv><font face=3D""arial narrow,sans-serif"" color=3D""#0b5394"">",Jeffrey Epstei= n VI Foundation,"or=3D""#0b5394""> ></font></div><div><a href=3D""mailto taraet",ORG,1,n,PERSON,
P00491,HOUSE_OVERSIGHT_024271,"st Data MARY CRANSTON | Director: VISA, ex-CEO and Chair of",Pillsbury Winthrop,TERRY SCHWAKOPF | EVP: Federal Reserve Bank of San Francisc,ORG,2,y,,
P00194,HOUSE_OVERSIGHT_022977,itter-410x220.png; Texas-Governor-Greg- Abbott-410x220.jpg;,Joe-Scarborough,-MSNBC-410x220.png; Sad-Paul-Ryan-via-twitter-410x220.png; S,PERSON,2,y,,
P00540,HOUSE_OVERSIGHT_024271,,WILL O'BRIEN,,PERSON,1,y,,
P00118,HOUSE_OVERSIGHT_022211,a Lewinslcy and was the basis for impeachment Starr himself,Amid,face criticism in 2016 - he stepp. down as president of Bay,PERSON,1,y,,
P01019,HOUSE_OVERSIGHT_031192,arrest Epstein. These are all lies by the President of the,United States,.,GPE,2,y,,
P00498,HOUSE_OVERSIGHT_024271,"platform that is currently integrated with Twitter, GitHub,",Reddit,", Google+, Tumblr, and YouTube. We believe that ChangeTip’s",GPE,1,n,ORG,
P00666,HOUSE_OVERSIGHT_027030,", but it's all relative. Pritzker, whose family founded the",Hyatt,"hotel chain, is worth about $1.5 billion. So it's easy to s",ORG,1,y,,
P00535,HOUSE_OVERSIGHT_024271,"tlement Stock, Bonds, Derivatives, etc Remittance Hot Spots",USA,", UAE -> India, Mexico, Philip. Early-Adopt Millennials USA,",GPE,1,y,,
P01016,HOUSE_OVERSIGHT_031192,U.S. Attorney General will learn everything that is in the,Twardeau,"book. Readers, stay with this hot story that reveals that a",GPE,1,n,ORG,
P00739,HOUSE_OVERSIGHT_027455,ion: No GUID: F492283A-C784-4167-BC9D-D219AF602AB3 Message:,Blasey,Sender: e:jeeitunes@gmail.com Time: 10/24/18 06:42:30 AM (5,PERSON,3,y,,
P00562,HOUSE_OVERSIGHT_025176,so east of my SF location! David PS How to trade the Trump-,GOP,"demolition of the welfare state, erratic elevation of risks",ORG,1,y,,
P00747,HOUSE_OVERSIGHT_027455,F8717-6DF0-4A7C-8A1C-8DF2F66FF0E1 Message: Trump at war and,Iran,. - old news Sender: e:jeeitunes@gmail.com Time: 10/24/18 07,GPE,3,y,,
P00552,HOUSE_OVERSIGHT_025176,nd robo-noodging. I am not up to speed on synthetic bio and,CRISPR,", but I have a good friend who is. * cybersecurity for you a",ORG,2,y,,
P00673,HOUSE_OVERSIGHT_027030,"itzker Alert Sent from my iPhone Begin forwarded message: ,""",Miller,", Glen"" < From: ""Kaczorowski, Monice M."" < <mailto Date: May",PERSON,1,y,,
P01152,HOUSE_OVERSIGHT_032760,From: Sent: To: CC: Subject: LHS 3/25/2018 5:25:02 PM,jeffrey E.,[jeeyacation@gmail.com] lhsoffice Re: Importance: High Got,PERSON,7,Y,,
P01118,HOUSE_OVERSIGHT_031996,"""#888888""> </font></span></div><span class=3D""HOEnZb""><font","color=3D""#888888""><br><br","= clear=3D""all""><br>-- <br><div><div dir=3D""ltr""><div><font",GPE,2,y,,
P00260,HOUSE_OVERSIGHT_023038,Epstein's New York house where Ms Maxwell directe to sit on,Andrew,'s knee witi Andrew groped both girls. Ms Maxwell directed a,PERSON,10,y,,
P00964,HOUSE_OVERSIGHT_031112,"al midterms By Fareed Zakaria, Friday, June 1, 2018 ROME --",The Republican Party,faces dim prospects in the midterm elections. But it doesn',ORG,6,y,,
P00130,HOUSE_OVERSIGHT_022211,"USAO had entered into a r:irtil;P=trftilgrafteeffnr ;A i """,Francey Hakes,", the former feder. prosecutor ""I have never heard of a case",PERSON,2,y,,
P01111,HOUSE_OVERSIGHT_031809,"the traget, you moved in back. based on media reporting on",trump,visit? you didnt act. the market dipped and you panicked. .,PERSON,2,y,,
P01031,HOUSE_OVERSIGHT_031442,"Content-Transfer-Encoding: quoted-printable thanks, what is",david,"doing? On Mon, Jan 5, 2015 at 6:12 PM, Christina Galbraith",PERSON,5,y,,
P00411,HOUSE_OVERSIGHT_024271,| Partner: Data Collective WILL O’BRIEN | Co-founder: BitGo,CHARLIE LEE,"| Coinbase, Founder of Litecoin * Chairman of the Advisory",PERSON,2,y,,
P00406,HOUSE_OVERSIGHT_024271,"255 SAN FRANCISCO, CA 94111 investor@blockchain.capital 16",CCP II - SERVICE,PROVIDERS ADMINISTRATION / CFO Kranz & Associates LEGAL Sid,ORG,2,y,,
P00457,HOUSE_OVERSIGHT_024271,DATION INDUSTRY LEADER AND SPOKESPERSON SERIAL ENTREPRENEUR,IGE,(2001-2007) - Merged with ItemBay Zam (2004-2012) - Sold to,ORG,5,y,,
P01095,HOUSE_OVERSIGHT_031809,1:55 PM To: Paul Barrett < Cc: Richard Kahn < Subject: Re:,AVGO,"> lye had enough! !!! Which puts ??? On Fri, Jul 13, 2018",ORG,4,y,,
P00577,HOUSE_OVERSIGHT_025176,"understood as ""consciousness hacking."" He's on the board of",Singularity University,as one of the founders. (His father was a pioneer UCSF MD r,ORG,6,y,,
P00270,HOUSE_OVERSIGHT_023038,"ve sex with friends of Ms Maxwell and Mr Epstein, including",Glenn Dubin,", Les Wexner, Ehud Barak, former Senator George Mitchell and",PERSON,3,y,,
P01007,HOUSE_OVERSIGHT_031192,hat reveals that a cover-up in America is taking place. The,Richard Nixon,story all over again is in the Lisa Twardeau book coming so,PERSON,3,y,,
P00404,HOUSE_OVERSIGHT_024271,"BLOCKCHAIN CAPITAL, LLC",CCP II,", LP OCTOBER 2015 ONE FERRY BUILDING, SUITE 255 SAN FRANCISC",ORG,3,y,,
P01009,HOUSE_OVERSIGHT_031192,n Indyke Sent from my iPhone Begin forwarded message: From:,steven hoffenberg Date,": December 24, 2015:11.11111.1 To Subject: Fwd: PPB Jeffrey",PERSON,3,y,,
P00704,HOUSE_OVERSIGHT_027278,01C6D0-8ED3-4327-B07C-AA9CDCDOD9DA Message: Arrived well in,London,. Feeling Good. Went with American Airlines. There was no fi,GPE,3,y,,
P00858,HOUSE_OVERSIGHT_029884,From:,Jessica Cadwell,[REDACTED] Sent: 8/11/2009 7:00:05 PM To: Jeffrey Epstein [,PERSON,25,y,,
P01123,HOUSE_OVERSIGHT_031996,"n3so4433763wiv.1 for Mon, 05 Jan 2015 17:15:19 -0800 (PST)",DKIM-Signature,: v=1; a=rsa-sha256; c=relaxed/relaxed; d=gmail.com; s=20120,ORG,1,y,,
P00720,HOUSE_OVERSIGHT_027428,AM (559825209) Flags: 1085445 Is Read: No Is Invitation: No,GUID,: A85F42AA-D695-41EE-8B3B-9DE4B3OBF4C4 Message: lots to repo,ORG,3,y,,
P00994,HOUSE_OVERSIGHT_031192,"e: December 24, 2015 at 11:08:55 AM EST To: Cc: 5ubject PPB",Jettrey Eps,Only You Have Photo New Book Rips Jeffrey Epstein's $50 Bil,PERSON,1,y,,
P00492,HOUSE_OVERSIGHT_024271,ersity IMI Exchange (2004-Present) Xfire 2.0 (2011-Present),Playsino,(2011-Present) GoCoin (payment processor) Blade Financial (,ORG,3,y,,
P01304,HOUSE_OVERSIGHT_033491,ane sells in the future. Trump and other airlines&nbsp;uses,Vin=,"yl for logos,. </div> <div>can you sketch the style&nbsp;of",ORG,1,y,,
P00931,HOUSE_OVERSIGHT_031112,onalists and globalists is at the fundamental roots of what,America,"is, what America will be,"" he said. ""This is very healthy,",GPE,4,y,,
P00563,HOUSE_OVERSIGHT_025176,k —4 years ago on book tour @Google. I met him once through,Gunther Stent,", as well as Crick on another occasion. Know him well? D. Pl",PERSON,6,y,,
P00621,HOUSE_OVERSIGHT_026938,"lu had unceremoniously canceled her weekly show I Love You,",America,and the comedian's emotions were still a bit raw. But her u,GPE,2,y,,
P00660,HOUSE_OVERSIGHT_027030,n mistake President Obama's billionaire nominee to head the,Commerce Department,", Penny Prizker, understated her income by $80 million. Emil",ORG,2,y,,
P00439,HOUSE_OVERSIGHT_024271,"(Mitsubishi UFJ Financial Group) SIMON MCNAMARA | CTO: RBS,",ex-CIO,"of Standard Chartered, BNP and Deutsche Bank VINNY LINGHAM",ORG,1,n,PERSON,
P01132,HOUSE_OVERSIGHT_031996,"ass=3D""gmall_quote style=3D margin:0 0 0 .8ex;b= order-left:","lpx #ccc solid;padding-left:lex""><div dir=3D""ltr""><br><div class=","=3D""gmail_quote""›---------- Forwarded message ----------<br",ORG,4,y,,
P00678,HOUSE_OVERSIGHT_027030,"2013 The Washington Post May 22, 2013 Section: in-the-loop",Obama,nominee Penny Pritzker's $80 million mistake President Obam,PERSON,9,y,,
P00990,HOUSE_OVERSIGHT_031192,From: Darren Indyke Sent: 12/24/2015 5:04:27 PM To:,jeffrey E.,[jeevacation@gmail.com] Subject: Fwd: PPB Jeffrey Epstein N,PERSON,3,y,,
P00419,HOUSE_OVERSIGHT_024271,"$ AMOUNT DETAILS BitGo June ’14 $75,000 Series A preferred",Coinsetter,"December ’13 $50,000",ORG,3,y,,
P00650,HOUSE_OVERSIGHT_026938,", Losing Her Hulu Show and More In the premiere episode of '",The Last Laugh,"' podcast, Sarah Silverman speaks out for the first time abo",ORG,5,y,,
P00412,HOUSE_OVERSIGHT_024271,"s USA, EU, AU Currency Controlled Markets Korea, S. Africa,",China,", India Unstable Markets Africa, Venezuela, Argentina ONE FE",GPE,2,y,,
P00893,HOUSE_OVERSIGHT_030408,ting this email communication and have not been retained by,Thomson Reuters,". Reminder, never post any FOUO information to this group. D",ORG,2,y,,
P00486,HOUSE_OVERSIGHT_024271,y supply needs to be depoliDcized” David Marcus (former CEO,PayPal,) “I really like Bitcoin. I own Bitcoins. It’s a store of va,ORG,2,y,,
P00225,HOUSE_OVERSIGHT_022977,fronts-white-teacher-over-racials-slur-Twitter-410x220.png;,Texas,-Governor-Greg- Abbott-410x220.jpg; Joe-Scarborough-MSNBC-41,GPE,3,y,,
P00686,HOUSE_OVERSIGHT_027030,llion mistake President Obama's billionaire nominee to head,the Commerce Department,", Penny Prizker, understated her income by $80 million. Emil",ORG,4,y,,
P01110,HOUSE_OVERSIGHT_031809,From:,Richard Kahn,Sent: 7/13/2018 6:35:08 PM To: jeffrey E. [jeeyacation@gmai,PERSON,14,y,,
P00392,HOUSE_OVERSIGHT_024271,"referred ChangeTip November ’14 $250,000 Series A preferred",Bonafide,"November’14 $50,000 Note discounted to Series A preferred B",ORG,2,y,,
P01138,HOUSE_OVERSIGHT_031996,"on, 05 Jan 2015 17:15:19 -0800 (PST) DKIM-Signature: v=1; a=",rsa,-sha256; c=relaxed/relaxed; d=gmail.com; s=20120113; h=mi me,ORG,1,y,,
P00367,HOUSE_OVERSIGHT_024271,"led Markets Korea, S. Africa, China, India Unstable Markets",Africa,", Venezuela, Argentina ONE FERRY BUILDING, SUITE 255 SAN FRA",GPE,2,y,,
P00623,HOUSE_OVERSIGHT_026938,"w what my station is."" Next week on The Last Laugh podcast:",Arrested Development,and Veep star Tony Hale.,ORG,2,y,,
P00829,HOUSE_OVERSIGHT_029304,"ective, efficient and profitable. incerely Donald Trump 725",FIFTH AVENUE • NEW YORK,", NY 10022 •",GPE,1,y,,
P00474,HOUSE_OVERSIGHT_024271,"A | Special Advisor: MIT Media Lab, Partner: Raptor Capital",MATT OCKO,| Partner: Data Collective WILL O’BRIEN | Co-founder: BitGo,PERSON,1,y,,
P00207,HOUSE_OVERSIGHT_022977,2 he GOP health bill ad a message for o received online •,Pope,Li Kimmel test' to win his su white teacher who insists on,PERSON,1,y,,
P00480,HOUSE_OVERSIGHT_024271,"isco, banking supervision MICHAEL MCADAM | CFO: Union Bank (",Mitsubishi UFJ Financial Group,") SIMON MCNAMARA | CTO: RBS, ex-CIO of Standard Chartered, B",ORG,2,y,,
P00943,HOUSE_OVERSIGHT_031112,"right, old and young — as his goal for the United States. """,Europe,is about a year ahead of the United States.... You see popu,GPE,3,y,,
P00482,HOUSE_OVERSIGHT_024271,O: Gyft (acquired by First Data) BOBBY LEE | CEO: BTC China,NICCOLO DE MASI,| CEO: Glu Mobile STEVE BEAUREGARD | CEO: GoCoin CHRIS PALL,ORG,1,n,PERSON,
P00966,HOUSE_OVERSIGHT_031112,ologist of the populist wave that brought Donald Trump into,the White House,". ""If the Republicans continue on the path they are on,"" Ban",ORG,2,y,,
P01124,HOUSE_OVERSIGHT_031996,"use it, at Bear, made good!! > • Unless your PR advisor is",Donald Trump,", I am not sure that current press > provides you with much",PERSON,6,y,,
P00159,HOUSE_OVERSIGHT_022211,response for this story. Palm Beach police detective Joseph,Recarey,", one of the most highly decorat. officers on the P.m Beach",PERSON,2,y,,
P00524,HOUSE_OVERSIGHT_024271,(2001-2007) - Merged with ItemBay Zam (2004-2012) - Sold to,TenCent,Singularity University IMI Exchange (2004-Present) Xfire 2.,ORG,3,y,,
P00584,HOUSE_OVERSIGHT_025176,"rontier Foundation, and Creative Commons, along with allied",US,", UK, European governmental and NGO funding sources and othe",GPE,3,y,,
P00579,HOUSE_OVERSIGHT_025176,re not so east of my SF location! David PS How to trade the,Trump," -GOP demolition of the welfare state, erratic elevation of r",PERSON,1,y,,
P00364,HOUSE_OVERSIGHT_024271,ded Dozens of Startups 100’s of Silicon Valley Investments *,Absolute Return Magazine,"2004 ONE FERRY BUILDING, SUITE 255 SAN FRANCISCO, CA 94111",ORG,2,y,,
P01044,HOUSE_OVERSIGHT_031442,x3.secureserver.net with bizsmtp id cRFK1p0133u5SEhOlRFLFp;,Mon,", 05 Jan 2015 18:15:20 -0700 Received: by mail-wi0-f180.goog",GPE,2,n,ORG,
P00957,HOUSE_OVERSIGHT_031112,ol to our best engineering schools ... to the great jobs in,Silicon Valley,", unless you start to limit these H-1B visas and this unfair",GPE,4,y,,
P01286,HOUSE_OVERSIGHT_033491,"l.com> Sent: Sat, Jun 7, 2014 12:45 pm Subject: Fwd: Photos",Jeffrey,", photos of unmasked B727,. Paint shop indicated we can use",PERSON,4,y,,
P00551,HOUSE_OVERSIGHT_025176,"r @Google. I met him once through Gunther Stent, as well as",Crick,on another occasion. Know him well? D. Please forgive typos,PERSON,6,y,,
P01000,HOUSE_OVERSIGHT_031192,ed Up By President Obama By Steven Hoffenberg Publisher/CEO,Lisa Twardeau,died at the dirty hands of billionaire Jeffrey Epstein's li,PERSON,10,y,,
P00228,HOUSE_OVERSIGHT_022977,Form Search ... Bottom of Form Sex slavery lawsuit links,Trump,'s Mar-a-Lago to pedophile ring: report NOOR AL-SIBAI 04 MAY,ORG,8,n,PERSON,
P00677,HOUSE_OVERSIGHT_027030,owski Chief Knowledge Officer NEAL • GERBER • EISENBERG Two,North LaSalle Street • Suite 1700,Chicago IL • 60602-3801 direct fax http://www.ngelaw.com<ht,ORG,1,n,GPE,
P00628,HOUSE_OVERSIGHT_026938,n 03.26.19 4:12 AM ET Photo Illustration by The Daily Beast/,Getty,Subscribe to The Last Laugh on Apple Podcasts Wearing a rai,ORG,2,y,,
P01036,HOUSE_OVERSIGHT_031442,istina@jeffreyepstein.org> wrote: Forwarded message > From:,Jamie Rosenwald,"< > Date: Mon, Jan 5, 2015 at 5:07 Pm > subject: High Profi",PERSON,12,y,,
P01048,HOUSE_OVERSIGHT_031442,p3p1smtp05-03.prod.phx3.secureserver.net (qmail-1.03) with,SMTP,for <christina@jeffreyepstein.org›; 6 Jan 2015 01:15:20 -00,ORG,4,y,,
P00516,HOUSE_OVERSIGHT_024271,L MCADAM | CFO: Union Bank (Mitsubishi UFJ Financial Group),SIMON MCNAMARA,"| CTO: RBS, ex-CIO of Standard Chartered, BNP and Deutsche",PERSON,4,y,,
P00129,HOUSE_OVERSIGHT_022211,"abusing dozens of underage women, grins for his mugshot on",Florida,"'s sex offender registry. He once rsi)taeral,`,1-,I;:grgmer",GPE,6,y,,
P00416,HOUSE_OVERSIGHT_024271,"industries,"" -­‐ Debby Hopkins, Chief InnovaDon Officer at",CiD,Santander -­‐ published: “Fintech 2.0 Paper: Reboo<ng Finan,ORG,2,y,,
P00996,HOUSE_OVERSIGHT_031192,that President Obama lied to cover up his relationship with,Larry Summers,who is on Jeffrey Epstein's payroll. The book could give re,PERSON,2,y,,
P00201,HOUSE_OVERSIGHT_022977,"ed Mar-a-Lago"". Those claims that fly in the face of a 2002",New York Magazine,interview in which Trump claimed to have known Epstein for,ORG,3,y,,
P00172,HOUSE_OVERSIGHT_022977,via-twitter-300x161.png; Sen.-Bill-Cassidy-CNN-300x161.png;,A-judges-gavel-Shutterstock-300x161.jpg,; Screenshot-814-300x161.png; Rep.- Barbara-Comstock-Faceboo,ORG,1,y,,
P00846,HOUSE_OVERSIGHT_029884, ,feJath &dwelt,", e?, cia' Certified Paralegal Florida Registered Paralegal",ORG,1,y,,
P00970,HOUSE_OVERSIGHT_031112,,United States,,GPE,3,y,,
P01127,HOUSE_OVERSIGHT_031996,ed only for the use of the addressee. It is the property of,JEE,"Unauthorized use, disclosure or copying of this communicati",ORG,2,y,,
P00992,HOUSE_OVERSIGHT_031192,PM To: jeffrey E. [jeevacation@gmail.com] Subject: Fwd: PPB,Jeffrey Epstein News Latest News Hot New Book,Rips Jeffrey Epstein's $50 Billion Dollar Ponzi Scheme Text,ORG,6,n,PERSON,
P00615,HOUSE_OVERSIGHT_026627,on tweets. Here is the performance of candidates: 1. Donald,Trump,Positive – 22.89% Neutral – 14.38% Negative – 62.73% 2. Hil,PERSON,18,y,,
P00880,HOUSE_OVERSIGHT_030408,"is message because you are subscribed to the Google Groups """,Fanell's Red Star Rising,""" group. To unsubscribe from this group and stop receiving e",ORG,1,y,,
P00157,HOUSE_OVERSIGHT_022211,,Palm Beach County Coutthouse,,ORG,1,y,,
P00233,HOUSE_OVERSIGHT_022977,eports indicate that one lawsuit contains information about,Virginia Giuffre,who alleges that she met Epstein while working as a towel g,PERSON,6,y,,
P00733,HOUSE_OVERSIGHT_027428,: 2D8B639F-DC34-4A1F-BD88-9B6F59902E9A Message: Weather and,un,traffic has changed many plans Sender: Time: 09/27/18 07:07,ORG,1,y,,
P01114,HOUSE_OVERSIGHT_031996,"trader, who > understood Black Sholes and how to use it, at",Bear,", made good!! > • Unless your PR advisor is Donald Trump, I",ORG,6,y,,
P00529,HOUSE_OVERSIGHT_024271,yments Commodities Medical Records Escrows Delivery records,Trading Records,Derivatives Mortgage/loan records Arbitration Grades Patent,ORG,1,y,,
P00458,HOUSE_OVERSIGHT_024271,ay Zam (2004-2012) - Sold to TenCent Singularity University,IMI Exchange,(2004-Present) Xfire 2.0 (2011-Present) Playsino (2011-Pres,ORG,3,y,,
P00986,HOUSE_OVERSIGHT_031192,"hoffenberg Date: December 24, 2015 at 11:44:20 AM EST To: """,Gary H.,BaisallillW> Cc: ANN BAISE [REDACTED] Subject: Fwd: PPB Jef,PERSON,2,y,,
P00877,HOUSE_OVERSIGHT_030408,"ts foreign ministry said on Wednesday, after U.S. President",Donald Trump,said companies doing business with Iran would be barred fro,PERSON,2,y,,
P00385,HOUSE_OVERSIGHT_024271,r@blockchain.capital 11 ACTIVE BLOCKCHAIN VENTURE INVESTORS,Blockchain Capital,"has co-invested with these leading VCs ONE FERRY BUILDING,",ORG,5,y,,
P00383,HOUSE_OVERSIGHT_024271,Present) Playsino (2011-Present) GoCoin (payment processor),Blade Financial,(Bitcoin debit card),ORG,5,y,,
P00175,HOUSE_OVERSIGHT_022977,png; Screenshot-814-410x220.png; trumpepstein2-410x220.jpg;,Big-Bang-Theory,-1- 410x220.jpg; Screen-Shot-2017-05-04-at-8.56.43-PM-410x22,ORG,1,y,,
P00293,HOUSE_OVERSIGHT_023038,> To: jeevacation@gmail.com; --- Original Message --- From:,The Duke,[REDACTED] To: Gmax Sent: Fri Mar 04 11:46:49 2011 Subject:,PERSON,2,n,ORG,
P01096,HOUSE_OVERSIGHT_031809,ect: Re: AVG° _ Importance: High i believe he is married to,broadcom,"as has he got stuck with stock on both 4,000 lots from sell",ORG,7,y,,
P00947,HOUSE_OVERSIGHT_031112,rom my iPhone Begin forwarded message: From: Fareed Zakaria,GPS ‹,"> Date: June 2, 2018 at 2:26:50 AM GMT+4 To: Fareed Zakaria",ORG,1,y,,
P00133,HOUSE_OVERSIGHT_022211,"blazer, blue shirt, jeans and gray sneakers. His attorney,",Jack Goldberger,", was at his side. Jeffrey Epstein, accused of sexually abus",PERSON,3,y,,
P00464,HOUSE_OVERSIGHT_024271,KESPERSON SERIAL ENTREPRENEUR IGE (2001-2007) - Merged with,ItemBay Zam,(2004-2012) - Sold to TenCent Singularity University IMI Ex,ORG,2,y,,
P00868,HOUSE_OVERSIGHT_029884,D. Critton Jr. Subject: Jane Doe Brad — In your answers to,ROGS,", you list Milton Center for girls as facility that Jane Doe",ORG,1,y,,
P01291,HOUSE_OVERSIGHT_033491,"-----<br> From: Guy Amico &lt;<a href=3D""mailto gt;<br> To:",Larry Visoski &lt;<a,"href=3D""mailtc ;<br> Cc: Scott Stambau h &lt.<a href=3D""mai",PERSON,1,y,,
P01008,HOUSE_OVERSIGHT_031192,Billion Dollar Ponzi Crime Covered Up By President Obama By,Steven Hoffenberg,Publisher/CEO Lisa Twardeau died at the dirty hands of bill,PERSON,8,y,,
P00857,HOUSE_OVERSIGHT_029884,"Johnson [mailto: Sent: Monday, August 10, 2009 3:18 PM To:",Jessica,Cadwell Subject: RE: Jane Doe Jessica — is the depo of goin,PERSON,1,y,,
P00647,HOUSE_OVERSIGHT_026938,ajpeg> Sarah Silverman on 'The Last Laugh' Cassandra Church/,Starburns Audio,"On the 'bullshit' allegations against Al Franken ""I can onl",ORG,2,y,,
P00518,HOUSE_OVERSIGHT_024271,Remittance Crowd-funding Wills Genome data Trusts Licensing,Spending Records,Micro-payments Commodities Medical Records Escrows Delivery,ORG,1,y,,
P00434,HOUSE_OVERSIGHT_024271,EPHENS EXPERIENCE • Stephens Inv. Mgmt. • Ivanhoe Capital •,E*Trade Group,• Princeton • Stephens Inv. Mgmt. • Fidelity Ventures • CSF,ORG,2,y,,
P01142,HOUSE_OVERSIGHT_032423,ed only for the use of the addressee. It is the property of,JEE,"Unauthorized use, disclosure or copying of this communicati",ORG,2,n,PERSON,
P00519,HOUSE_OVERSIGHT_024271,banks' infrastructural costs by $15-­‐20bn a year by 2022”,Standard Chartered,"""The banking industry is starDng to see the many potenDal b",ORG,7,y,,
P00946,HOUSE_OVERSIGHT_031112,l.com] Subject: Fwd: Steve Bannon's clever idea to save the,GOP,from brutal midterms Sent from my iPhone Begin forwarded me,ORG,5,y,,
P01294,HOUSE_OVERSIGHT_033491,"_0_06acbf7b-6640-4997-al2c-7ea717651d23"" style=3D""marg= in:",Opx,"; color: rgb(0, 0, 0); font-family: Tahoma, Verdana, Anal, S",PERSON,8,n,ORG,
P00978,HOUSE_OVERSIGHT_031192,llar Ponzi Scheme Text Only You Have Photo Importance: High,DARREN K. INDYKE,"DARREN K. INDYKE, PLLC 575 Lexington Avenue, 4th Floor New Y",PERSON,8,y,,
P00949,HOUSE_OVERSIGHT_031112,","" Bannon told me Thursday, ""they will lose 40 seats in the",House,"and President Trump will be impeached."" He presented an alt",ORG,4,y,,
P00479,HOUSE_OVERSIGHT_024271,BEAUREGARD | CEO: GoCoin CHRIS PALLOTTA | Special Advisor:,MIT Media Lab,", Partner: Raptor Capital MATT OCKO | Partner: Data Collecti",ORG,2,y,,
P00718,HOUSE_OVERSIGHT_027428,"S dollar. Turkey iran South America, ie venezuela argentina",Brazil,failed socialism - India. CONFIDENCE IN THE FUTURE- US Send,GPE,3,y,,
P01145,HOUSE_OVERSIGHT_032423,From:,Kathy Ruemmler,Sent: 1/12/2017 2:12:30 PM To: jeffrey E. [jeeyacation@gmai,PERSON,4,y,,
P00862,HOUSE_OVERSIGHT_029884,l Subject: RE: Jane Doe Please notice the deposition of Ms.,Maxwell,has been rescheduled from 8/17 to 9/23. A re-Notice of Taki,PERSON,5,y,,
P00842,HOUSE_OVERSIGHT_029884,"om] Subject: RE: FW: Jane Doe [REDACTED] feJgca &dwelt, eg;",cia,' Certified Paralegal Florida Registered Paralegal BURMAN CR,ORG,6,y,,
P00708,HOUSE_OVERSIGHT_027278,No GUID: 8816FDF0-0D71-4E3C-A57C-E97AFAF36744 Message: Dear,Sebastian,", Steve Bannon, who behind the scenes still is one of the mo",PERSON,2,y,,
P00753,HOUSE_OVERSIGHT_027455,"-A9AF-653E99D2E16E Message: Add caravan , people banging on",Supreme Court,doors. Sender: Time: 10/24/18 08:19:20 AM (562087160) Flags,ORG,3,y,,
P00189,HOUSE_OVERSIGHT_022977,mstock-Facebook-300x161.png; Big-Bang-Theory-1-300x161.jpg;,Iyanka-Trump,-ABC-News-300x161.png; a45-300x161.jpg; Black-teen-confronts,PERSON,2,y,,
P00487,HOUSE_OVERSIGHT_024271,II - 12 NEW INVESTMENTS MADE DATE INVESTED $ AMOUNT DETAILS,PeerNova,"September ’14 $50,000 Converted to Series A preferred Block",ORG,2,y,,
P01136,HOUSE_OVERSIGHT_031996,x3.secureserver.net with bizsmtp id cRFK1p0133u5SEhOlRFLFp;,Mon,", 05 Jan 2015 18:15:20 -0700 Received: by mail-wi0-f180.goog",GPE,1,n,ORG,
P00410,HOUSE_OVERSIGHT_024271,"referred BlockStream October’14 $100,000 Series A preferred",ChangeTip,"November ’14 $250,000 Series A preferred Bonafide November’",ORG,3,y,,
P00149,HOUSE_OVERSIGHT_022211,"of interviews with the Her.d earlier this year. Privately,",Michael Reiter,and Recarey said they held onto hope that Epstein would be,PERSON,3,y,,
P00542,HOUSE_OVERSIGHT_024271,BANK Silicon Valley Bank CUSTODIAN Merrill Lynch BTC VAULT,Xapo & BitGo,"ONE FERRY BUILDING, SUITE 255 SAN FRANCISCO, CA 94111 inves",ORG,1,y,,
P00537,HOUSE_OVERSIGHT_024271,"O: RBS, ex-CIO of Standard Chartered, BNP and Deutsche Bank",VINNY LINGHAM,| CEO: Gyft (acquired by First Data) BOBBY LEE | CEO: BTC C,PERSON,1,y,,
P00363,HOUSE_OVERSIGHT_024271,"es B preferred Ripple March ’15 $250,000 Series A preferred",ABRA,"July ’15 $100,000 Series A preferred Stem August ’15 $250,0",ORG,3,y,,
P00968,HOUSE_OVERSIGHT_031112,"ursday, ""they will lose 40 seats in the House and President",Trump,"will be impeached."" He presented an alternative that strike",PERSON,10,y,,
P00620,HOUSE_OVERSIGHT_026938,DACTED]1 Importance: High THE LAST LAUGH Sarah Silverman on,Al Franken,", Louis C.K., Losing Her Hulu Show and More In the premiere",PERSON,11,y,,
P01043,HOUSE_OVERSIGHT_031442,"= g"" target=3D""_blank"">Jeffrey@jeffreyepstein.org</a>&quot;","&lt;<a href=3D""ma=","ilto:Jeffrey@jeffreyepstein.org"" target=3D""_blank"">Jeffrey@",GPE,3,y,,
P00614,HOUSE_OVERSIGHT_026627,Hillary Clinton Donald Trump Winning Chances Clinton: 59% –,Trump,: 41% Winning chances in US States 93 84 76 New York Trump 2,ORG,3,n,PERSON,
P00120,HOUSE_OVERSIGHT_022211,mid face criticism in 2016 - he stepp. down as president of,Baylor University,amid .legations that he and other university officials mish,ORG,2,y,,
P00691,HOUSE_OVERSIGHT_027030,ngtonPost.com<http://WashingtonPost.com> Copyright 2013 The,Washington Post,"May 22, 2013 Section: in-the-loop Obama nominee Penny Pritz",ORG,3,y,,
P00271,HOUSE_OVERSIGHT_023038,Ghislaine Maxwell ------ Forwarded message---------- From:,GMAX,"<gmaxl@ellmax.com> Date: Fri, Mar 4, 2011 at 8:28 AM Subjec",ORG,1,y,,
P00732,HOUSE_OVERSIGHT_027428,The world experts vote every day . And they vote US dollar.,Turkey,"iran South America, ie venezuela argentina Brazil failed so",GPE,3,y,,
P00583,HOUSE_OVERSIGHT_025176,"ier Foundation, and Creative Commons, along with allied US,",UK,", European governmental and NGO funding sources and other in",GPE,3,y,,
P00617,HOUSE_OVERSIGHT_026627,inning Chances Clinton: 59% – Trump: 41% Winning chances in,US States,93 84 76 New York Trump 24% - Clinton 76% 7 16 24 1ST DEBAT,GPE,1,y,,
P00969,HOUSE_OVERSIGHT_031112,next major battle would be over the proposed wall along the,U.S.-Mexico,"border. ""The wall is not just totemic. The wall is absolute",GPE,2,y,,
P00541,HOUSE_OVERSIGHT_024271,BANK Silicon Valley Bank CUSTODIAN Merrill Lynch BTC VAULT,Xapo,"& BitGo ONE FERRY BUILDING, SUITE 255 SAN FRANCISCO, CA 941",ORG,1,y,,
P00230,HOUSE_OVERSIGHT_022977,ions@rawstor .com NEXT ON RAW STORY > Gleeful Democrats see,Trumpcare,as political suicide for House GOP: 'They are staring death,ORG,4,y,,
P00684,HOUSE_OVERSIGHT_027030,":54:07 PM CDT To: ""Eisenberg, Marshall E."" <lell<mailto>>, """,Richman,", Lawrence I."" < Subject: Pritzker Alert <mailto: >> Washing",PERSON,2,y,,
P00632,HOUSE_OVERSIGHT_026938,"st, Sarah Silverman speaks out for the first time about her",Hulu,show's cancelation and goes to bat for her friend Al Franke,ORG,10,y,,
P00413,HOUSE_OVERSIGHT_024271,LO DE MASI | CEO: Glu Mobile STEVE BEAUREGARD | CEO: GoCoin,CHRIS PALLOTTA,"| Special Advisor: MIT Media Lab, Partner: Raptor Capital M",PERSON,2,y,,
P00607,HOUSE_OVERSIGHT_026627,ump Positive – 22.89% Neutral – 14.38% Negative – 62.73% 2.,Hillary Clinton Positive,– 34.18% Neutral – 16.02% Negative – 49.80% US Presidential,PERSON,1,y,,
P01005,HOUSE_OVERSIGHT_031192,in's $50 Billion Dollar Ponzi Crime Covered Up By President,Obama,By Steven Hoffenberg Publisher/CEO Lisa Twardeau died at th,PERSON,10,y,,
P00432,HOUSE_OVERSIGHT_024271,phens Inv. Mgmt. • Fidelity Ventures • CSFB • Furman Selz •,Duke,• Chairman of the Bitcoin Foundation Board • Founded 15x St,ORG,2,y,,
P01122,HOUSE_OVERSIGHT_031996,"r sissy=E2=80=99s. > • Regards, > • Jamie Rosenwald > • Ps.",David Asch,and I toasted to you during our Thanksgiving weekend in > A,PERSON,6,y,,
P00261,HOUSE_OVERSIGHT_023038,Our deadline is noon tomorrow. My telephone numbers are or,Annette Witheridge,On behalf of the Mail on Sunday 1. says Ghislaine Maxwell o,PERSON,3,y,,
P01281,HOUSE_OVERSIGHT_033491,--MB_SD1508919E8E668_F4C_19E8A0_webmail-d292.sysops.aol.com,Content-Transfer-Encoding,: QUOTED-PRINTABLE Content-Type: TEXT/PLAIN; charset=us-asci,ORG,7,y,,
P00428,HOUSE_OVERSIGHT_024271,Bitcoin…RegulaDon of money supply needs to be depoliDcized”,David Marcus,(former CEO PayPal) “I really like Bitcoin. I own Bitcoins.,PERSON,2,y,,
P00709,HOUSE_OVERSIGHT_027278,"16FDF0-0D71-4E3C-A57C-E97AFAF36744 Message: Dear Sebastian,",Steve Bannon,", who behind the scenes still is one of the most insightful",PERSON,2,y,,
P00378,HOUSE_OVERSIGHT_024271,lity Ventures • CSFB • Furman Selz • Duke • Chairman of the,Bitcoin Foundation,Board • Founded 15x Startups • Raised > $200M • Invested in,ORG,5,y,,
P00681,HOUSE_OVERSIGHT_027030,From:,Pritzker,", Tom Sent: 5/23/2013 11:45:14 AM To: Jeffrey Epstein [jeeya",PERSON,8,y,,
P01297,HOUSE_OVERSIGHT_033491,Original Message----- From: Guy Amico To: Larry Visoski Cc:,Scott Stambau JR Stambaugh,"Sent: Sat, Jun 7, 20141:1 Subject: Photos =20 =20 =20 =20 =",PERSON,4,y,,
P00856,HOUSE_OVERSIGHT_029884,e week on Responses to Net Wirth ROGS?? Please let me know.,Jess,"— feJath &dwelt, e?, cia' Certified Paralegal Florida Regis",PERSON,1,y,,
P00676,HOUSE_OVERSIGHT_027030,re than that. Monice M. Kaczorowski Chief Knowledge Officer,NEAL • GERBER • EISENBERG,Two North LaSalle Street • Suite 1700 Chicago IL • 60602-38,ORG,2,n,PERSON,
P00875,HOUSE_OVERSIGHT_030408,"0:07 AM, Steve Bannon wrote: Begin forwarded message: From:",Anders Corr <M11111,"> Date: August 8, 2018 at 5:32:57 AM EDT To: Fanell Red >, A",PERSON,1,y,,
P00264,HOUSE_OVERSIGHT_023038,1:12 AM To: Brett D. Jaffe Subject: Ghislaine Maxwell Dear,Brett Jaffe,", I left you a telephone message earlier. The Mail on Sunday",PERSON,3,y,,
P00502,HOUSE_OVERSIGHT_024271,Founded 15x Startups • Raised > $200M • Invested in > 25x •,Robertson Stephens & Co.,• RS Investments • Duke Endowment • UC Berkeley Endowment S,ORG,2,y,,
P00387,HOUSE_OVERSIGHT_024271,"ISCO, CA 94111 investor@blockchain.capital 17 USE CASES FOR",BLOCKCHAIN TECHNOLOGY Financial and Records Legal / Health / Education,Bitcoin Private Equities Bonds Public Equities Smart Contra,ORG,1,y,,
P00368,HOUSE_OVERSIGHT_024271,at has the potenDal to do something like change the world.”,Al Gore,“I’m a big fan of Bitcoin…RegulaDon of money supply needs t,PERSON,2,y,,
P00872,HOUSE_OVERSIGHT_029884,"TTON LUTTIER & COLEMAN, LLP 515 N. Flagler Drive Suite #400","West Palm Beach, FL",33401 From: Jacquie Johnson [mailto:jjohnson@rra-law.com],GPE,3,y,,
P00549,HOUSE_OVERSIGHT_025176,xkcd.com/123/ can't resist! Please forgive typos. Sent from,Android Nexus 6,"phone. On Jan 20, 2017 4:14 AM, ""jeffrey E."" <jeevacation@g",ORG,6,y,,
P00234,HOUSE_OVERSIGHT_022977,th care bill are deplorable' • Meyers hilariously taunts a,White House ',detached from reality' picer': Seth SEE ALL RAW STORIES SIGN,ORG,1,y,,
P00653,HOUSE_OVERSIGHT_026938,jpeg> • GIVING THANKS Why Sarah Silverman Is 'Thankful' for,Trump,Matt Wilstein <SS tulqlf.jpeg> On looking like an 'asshole',ORG,1,n,PERSON,
P00845,HOUSE_OVERSIGHT_029884,Jane Doe Jessica — I need a date for the deposition of Mr.,Epstein,. Can you provide me with one please? From: Jessica Cadwell,PERSON,2,y,,
P00991,HOUSE_OVERSIGHT_031192,Fwd: PPB Jeffrey Epstein News Latest News Hot New Book Rips,Jeffrey Epstein,'s $50 Billion Dollar Ponzi Scheme Text Only You Have Photo,PERSON,26,y,,
P00635,HOUSE_OVERSIGHT_026938,"ortance: High THE LAST LAUGH Sarah Silverman on Al Franken,",Louis C.K.,", Losing Her Hulu Show and More In the premiere episode of '",PERSON,8,y,,
P00447,HOUSE_OVERSIGHT_024271,"A Preferred TOTAL $470,000 (current value ~ $815,000… 1.7x)",General Partners,contributed co-investments at cost to CCP II ONE FERRY BUIL,ORG,2,y,,
P00275,HOUSE_OVERSIGHT_023038,respond to these allegations and all others in the original,Jane Doe 102,complaint. 2. Ms Maxwell took part in numerous other sexual,PERSON,1,y,,
P00362,HOUSE_OVERSIGHT_024271,15M TERM 6-8 Years FEE/INCENTIVE 2.5% / 25% GP CONTRIBUTION,+5% Fund,or +$1m INVESTMENTS 25 ($100k - $500k per deal) STRUCTURE 4,ORG,2,y,,
P00280,HOUSE_OVERSIGHT_023038,Maxwell introduced to Prince Andrew in 2001 at Ms Maxwell's,London,house where ad sex with him. subsequently was directed to m,GPE,6,y,,
P00525,HOUSE_OVERSIGHT_024271,(2001-2007) - Merged with ItemBay Zam (2004-2012) - Sold to,TenCent Singularity University,IMI Exchange (2004-Present) Xfire 2.0 (2011-Present) Playsi,ORG,2,y,,
P00177,HOUSE_OVERSIGHT_022977,; Sad-Paul-Ryan-via-twitter-410x220.png; Sen.-Bill- Cassidy-,CNN,-410x220.png; Screenshot-814-410x220.png; trumpepstein2-410x,ORG,2,y,,
P01037,HOUSE_OVERSIGHT_031442,"5 at 5:07 Pm > subject: High Profile > To: ""[REDACTED] Dear",Jeff,", > Your name popped up again in the Press and I thought it",PERSON,6,y,,
P00372,HOUSE_OVERSIGHT_024271,"S. Africa, China, India Unstable Markets Africa, Venezuela,",Argentina,"ONE FERRY BUILDING, SUITE 255 SAN FRANCISCO, CA 94111 inves",GPE,2,y,,
P00507,HOUSE_OVERSIGHT_024271,", LLC CCP II, LP OCTOBER 2015 ONE FERRY BUILDING, SUITE 255","SAN FRANCISCO, CA",94111 investor@blockchain.capital 1 TECHNOLOGY THOUGHT-LEAD,GPE,6,y,,
P00618,HOUSE_OVERSIGHT_026627,6% 25 2ND DEBATE Hillary Clinton 14 3RD DEBATE Donald Trump,Washington,Trump 33% - Clinton 67% 52 48 2ND DEBATE Hillary Clinton 67,GPE,2,y,,
P01283,HOUSE_OVERSIGHT_033491,"hank you, Larry=20 =20 =20 -----Original Message----- From:",Guy Amico,"To: Larry Visoski Cc: Scott Stambau JR Stambaugh Sent: Sat,",PERSON,8,y,,
P00504,HOUSE_OVERSIGHT_024271,ed > $200M • Invested in > 25x • Robertson Stephens & Co. •,RS Investments,• Duke Endowment • UC Berkeley Endowment Startups RECOGNITI,ORG,2,y,,
P00272,HOUSE_OVERSIGHT_023038,2011 04:56 PM Subject: Fw: Fwd: FW: Ghislaine Maxwell From:,Gmax,<gmax1@ellmax.com> To: jeevacation@gmail.com; --- Original,PERSON,6,y,,
P00521,HOUSE_OVERSIGHT_024271,x Startups • Raised > $200M • Invested in > 25x • Robertson,Stephens & Co.,• RS Investments • Duke Endowment • UC Berkeley Endowment S,ORG,2,y,,
P01112,HOUSE_OVERSIGHT_031996,"sfer-Encoding: quoted-printable <div dir=3D""ltr"">thanks,=C2=",A0,"what is david doing?<br></div><div class=3D""= gmail_extra"">",ORG,2,n,PERSON,
P00738,HOUSE_OVERSIGHT_027455,089418) Flags: 1060865 Is Read: Yes Is Invitation: No GUID:,86F170B5-0E8D-480E-9938-A551EF82DFFD,Message: I'm putting up a poster of you in my apartment,ORG,1,n,PERSON,
P00638,HOUSE_OVERSIGHT_026938,zed and she accepted his apology. But it does seem that the,Republican Party,and I don't think this is something to emulate at all___doe,ORG,1,y,,
P00155,HOUSE_OVERSIGHT_022211,"Lanier Finn, but did not receive a response for this story.",Palm Beach,"police detective Joseph Recarey, one of the most highly dec",GPE,4,y,,
P00456,HOUSE_OVERSIGHT_024271,istries Business license Business Incorporation/dissolution,HR Records,Supply chain mgmt Business transaction records Accounting r,ORG,1,y,,
P00170,HOUSE_OVERSIGHT_022211,". misconduct, savag. the president for his involvement with",White House,intern Monica Lewinslcy and was the basis for impeachment S,ORG,2,y,,
P00401,HOUSE_OVERSIGHT_024271,"expresscoin November ’13 $25,000 Convert to Series A, $2.5m",Cap GoCoin,"October ’13 $100,000 Converted to Series A at 4.5x Kraken A",PERSON,1,n,ORG,
P00277,HOUSE_OVERSIGHT_023038,"riends of Ms Maxwell and Mr Epstein, including Glenn Dubin,",Les Wexner,", Ehud Barak, former Senator George Mitchell and Stephen Kos",PERSON,3,y,,
P00932,HOUSE_OVERSIGHT_031112,"nted immigrants will simply go elsewhere — Canada, Britain,",Australia,"— and start successful companies there. And, in fact, there",GPE,6,y,,
P01279,HOUSE_OVERSIGHT_033491,"in: Opx; color: rgb(0, 0, 0); font-family: Tahoma, Verdana,","Anal, Sans-Ser=","if; font-size: 12px; background-color: rgb(255, 255, 255);""",ORG,8,y,,
P00488,HOUSE_OVERSIGHT_024271,"g, but that will soon be developed, is a reliable e-­‐cash”",Peter Thiel,“I do think Bitcoin is the first encrypted money that has t,PERSON,2,y,,
P00152,HOUSE_OVERSIGHT_022211,ney to bring him new girls every time he was at his home in,P.m Beach,", according to police reports.",GPE,8,y,,
P00729,HOUSE_OVERSIGHT_027428,perts vote every day . And they vote US dollar. Turkey iran,South America,", ie venezuela argentina Brazil failed socialism - India. CO",GPE,2,y,,
P00724,HOUSE_OVERSIGHT_027428,ho were the people on the beach you spoke to .? did you use,kavanaughs,name? which attys did you interview.? did you use kavauaghs,PERSON,4,y,,
P00183,HOUSE_OVERSIGHT_022977,"n she was 15 before being recruited into ""sexual slavery"".",Giuffre,"'s case is set to appear before a judge on May 15, and altho",PERSON,3,y,,
P01103,HOUSE_OVERSIGHT_031809,s from selling puts.. Richard Kahn HBRK Associates Inc. 575,Lexington Avenue,"4th Floor New York, NY 10022 tel fax cell On Jul 13, 2018,",GPE,1,y,,
P00572,HOUSE_OVERSIGHT_025176,own secure privately maintained archive or deleted (unlike,Podesta,"), and other measures. * publicity for your cool-ass creati",PERSON,3,y,,
P00169,HOUSE_OVERSIGHT_022211,ion to victims and Jane Doe it 1 was thus not told that the,USAO,"had entered into a r:irtil;P=trftilgrafteeffnr ;A i "" Franc",ORG,1,y,,
P00878,HOUSE_OVERSIGHT_030408,"is message because you are subscribed to the Google Groups """,Fanell,"'s Red Star Rising"" group. To unsubscribe from this group an",ORG,1,y,,
P00689,HOUSE_OVERSIGHT_027030,"From: Pritzker,",Tom Sent,: 5/23/2013 11:45:14 AM To: Jeffrey Epstein [jeeyacation@gma,PERSON,1,y,,
P01149,HOUSE_OVERSIGHT_032423,"turb you, but I am struck by the similar mannerisms between",Trump,and McGyver Sent from my iPad please note The information c,PERSON,2,y,,
P00446,HOUSE_OVERSIGHT_024271,"A preferred Chain September ’15 $250,000 Series C preferred",Gem,"September ’15 $250,000 Series A preferred TOTAL $2,100,000",ORG,2,y,,
P00453,HOUSE_OVERSIGHT_024271,"that is currently integrated with Twitter, GitHub, Reddit,",Google+,", Tumblr, and YouTube. We believe that ChangeTip’s micro tra",ORG,1,y,,
P00145,HOUSE_OVERSIGHT_022211,"P.m Beach, but at his homes in Manhattan, New Mexico and on",Litde St. James island,in the U.S. Virgin Islands Special treatment in prison In 2,GPE,1,y,,
P00727,HOUSE_OVERSIGHT_027428,2-47E2-AB73-353DBFE65B4C Message: Was the dollar weak under,obama,??? Sender: e:jeeitunes@gmail.com Time: 09/28/18 12:49:42 P,PERSON,3,y,,
P00472,HOUSE_OVERSIGHT_024271,"BLOCKCHAIN CAPITAL,",LLC,"CCP II, LP OCTOBER 2015 ONE FERRY BUILDING, SUITE 255 SAN F",ORG,1,y,,
P00451,HOUSE_OVERSIGHT_024271,4-Present) Xfire 2.0 (2011-Present) Playsino (2011-Present),GoCoin,(payment processor) Blade Financial (Bitcoin debit card),ORG,5,y,,
P00220,HOUSE_OVERSIGHT_022977,,Steye Bashear,,PERSON,1,y,,
P00483,HOUSE_OVERSIGHT_024271,O: Gyft (acquired by First Data) BOBBY LEE | CEO: BTC China,NICCOLO DE MASI,| CEO: Glu Mobile STEVE BEAUREGARD | CEO: GoCoin CHRIS PALL,PERSON,1,y,,
P00227,HOUSE_OVERSIGHT_022977,to win his su white teacher who insists on • `unnecessar of,Tru,'onship with the ill must pass 'Jimmy ': Watch a black teen,PERSON,1,y,,
P00896,HOUSE_OVERSIGHT_030408,"t and lawful, its foreign ministry said on Wednesday, after",U.S.,President Donald Trump said companies doing business with I,GPE,1,y,,
P00366,HOUSE_OVERSIGHT_024271,"NCISCO, CA 94111 investor@blockchain.capital 7 PARTNERS AND",ADVISORY BOARD,"ALISON DAVIS* | Director: Royal Bank of Scotland, XOOM, Fis",ORG,1,y,,
P00442,HOUSE_OVERSIGHT_024271,Capital • E*Trade Group • Princeton • Stephens Inv. Mgmt. •,Fidelity Ventures,• CSFB • Furman Selz • Duke • Chairman of the Bitcoin Found,ORG,3,y,,
P00586,HOUSE_OVERSIGHT_025176,"ually reinforcing values: Public Library of Science (PLoS),",Wikipedia,", Internet Archive, Electronic Frontier Foundation, and Crea",ORG,3,y,,
P00229,HOUSE_OVERSIGHT_022977,Facebook-300x161.png; Big-Bang-Theory-1-300x161.jpg; Iyanka-,Trump,-ABC-News-300x161.png; a45-300x161.jpg; Black-teen-confronts,PERSON,13,y,,
P00637,HOUSE_OVERSIGHT_026938,From:,paul krassner,Sent: 3/30/2019 4:23:32 AM To: Steven Gaydos Subject: Re: I,PERSON,3,y,,
P01035,HOUSE_OVERSIGHT_031442,3SRhbd9W5dVjN082p/uKfq1qTsL/HmZKLlyewni:16GxSE023RyIfjp9r6s,hObA==,MIME-Version: 1.0 X-Received: by 10.195.12.15 with SMTP id,GPE,2,y,,
P00640,HOUSE_OVERSIGHT_026938,G 8787 vrvikb.jpeg> 'The Last Laugh' host Matt Wilstein and,Sarah Silverman Cassandra,Church/Starburns Audio On performing stand-up about being s,PERSON,1,y,,
P00962,HOUSE_OVERSIGHT_031112,r immigration controls has an undeniable mainstream appeal.,The Democratic Party,"is too far to the left on many of these issues, embracing c",ORG,2,y,,
P00700,HOUSE_OVERSIGHT_027278,DA Message: Arrived well in London. Feeling Good. Went with,American Airlines,". There was no first class! But Thx anyway for, as always a",ORG,3,y,,
P00469,HOUSE_OVERSIGHT_024271,.capital 16 CCP II - SERVICE PROVIDERS ADMINISTRATION / CFO,Kranz & Associates,LEGAL Sidley Austin TAX / AUDIT Crawford Pimintel BANK Sili,ORG,3,y,,
P00430,HOUSE_OVERSIGHT_024271,"MCNAMARA | CTO: RBS, ex-CIO of Standard Chartered, BNP and",Deutsche Bank,VINNY LINGHAM | CEO: Gyft (acquired by First Data) BOBBY LE,ORG,2,y,,
P01298,HOUSE_OVERSIGHT_033491,"mal o. .com</a>&gt;<br> Sent: Sat, Jun 7, 2014 12:16 pm<br>",Stambaugh &,"lt;<a href= Subject: Photos<br> <br> <div id=3D""AOLMsgPart_",ORG,1,y,,
P00603,HOUSE_OVERSIGHT_026627,9 36 28 41 1ST DEBATE 2ND DEBATE 3RD DEBATE Hillary Clinton,Donald Trump,Winning Chances Clinton: 59% – Trump: 41% Winning chances i,PERSON,23,y,,
P00942,HOUSE_OVERSIGHT_031112,limit these H-1B visas and this unfair competition ... from,East Asia,"and South Asia."" Now this strikes me as entirely wrong. The",GPE,3,y,,
P00609,HOUSE_OVERSIGHT_026627,4 2ND DEBATE Hillary Clinton 60 40 3RD DEBATE Donald Trump,New Jersey,Trump 13% - Clinton 87% 70 30 2ND DEBATE Hillary Clinton 87,GPE,3,y,,
P00866,HOUSE_OVERSIGHT_029884,,placeholder,,PERSON,2,y,,
P00374,HOUSE_OVERSIGHT_024271,investor@blockchain.capital 4 EXPERIENCED TEAM IN INVESTING,BART STEPHENS,BRAD STEPHENS BROCK PIERCE PAUL STEPHENS EXPERIENCE • Steph,PERSON,2,y,,
P00581,HOUSE_OVERSIGHT_025176,niversity as one of the founders. (His father was a pioneer,UCSF,"MD researcher of hallucinogens, I believe!) More to come in",ORG,4,y,,
P00448,HOUSE_OVERSIGHT_024271,"payment platform that is currently integrated with Twitter,",GitHub,", Reddit, Google+, Tumblr, and YouTube. We believe that Chan",ORG,2,y,,
P00985,HOUSE_OVERSIGHT_031192,PUBLICSPEAKINGWALLSTREET.COM Begin forwarded message: From:,Florence Anthony,"t> Date: December 24, 2015 at 11:08:55 AM EST To: Cc: 5ubje",PERSON,3,y,,
P01115,HOUSE_OVERSIGHT_031996,rences : date: message-id: subject: from: to :content-type;,bh=buIihKI+751WU15BWGwKtOK2/0JcqYe,/gvCCO4ClgIRY=; b=z6YCyAQzipV5nA4ezYelUuzMbCO2F5qd7OFMrCxFpy,ORG,1,y,,
P01139,HOUSE_OVERSIGHT_031996,p3p1smtp05-03.prod.phx3.secureserver.net (qmail-1.03) with,SMTP,for <; 6 Jan 2015 01:15:20 -0000 Received: from mail-wi0-f1,ORG,3,y,,
P00141,HOUSE_OVERSIGHT_022211,"gest that the victims' rights were violated mukiple times.""",Kenneth Staff,", aggressive advocacy for Epstein against allegations of imp",PERSON,1,y,,
P00501,HOUSE_OVERSIGHT_024271,"ims to be at the center of this watershed development,” -­‐",Robert Greifeld,", NASDAQ CEO, Ci< -­‐ launched “Ci<coin” project ""Blockchain",PERSON,1,y,,
P00742,HOUSE_OVERSIGHT_027455,749 Message: Add Pelosi being asked if she leaked the blade,ford,document. Sender: e:jeeitunes@gmail.com Time: 10/24/18 06:4,ORG,1,n,PERSON,
P00876,HOUSE_OVERSIGHT_030408,8/8/2018 3:08:21 PM To: Steve Bannon Subject: Re: Reuters:,China,defends Iran business ties after Trump threat https://www.k,GPE,7,y,,
P01015,HOUSE_OVERSIGHT_031192,while working atTowersinvestors.com. Jeffrey Epstein looted,Towers Investors,of billions of dollars in ponzi crimes at the time Lisa bec,ORG,5,y,,
P00291,HOUSE_OVERSIGHT_023038,"r is running a story on Ghislaine Maxwell, Jeffrey Epstein,",Prince Andrew,and others this weekend. We urgently require responses from,PERSON,5,y,,
P00158,HOUSE_OVERSIGHT_022211,"the Her.d earlier this year. Privately, Michael Reiter and",Recarey,said they held onto hope that Epstein would be brought to t,ORG,3,n,PERSON,
P00553,HOUSE_OVERSIGHT_025176,nd robo-noodging. I am not up to speed on synthetic bio and,CRISPR,", but I have a good friend who is. * cybersecurity for you a",PERSON,2,n,ORG,
P00211,HOUSE_OVERSIGHT_022977,fronts-white-teacher-oyer-racials-slur-Twitter-300x161.png;,Robert-Reich-2- 300x161.jpg,; Joe-Scarborough-MSNBC-300x161.png; Screen-Shot-2017-05-04-,PERSON,1,y,,
P01004,HOUSE_OVERSIGHT_031192,Ponzi Scheme Text Only You Have Photo Steven J. Hoffenberg,New York Post Publishing INC.,C E TOWERSINVESTORS.COM C E SEE VVWW.POST PUBLISHING.BUZZ T,ORG,4,y,,
P00424,HOUSE_OVERSIGHT_024271,"E 255 SAN FRANCISCO, CA 94111 investor@blockchain.capital 9","CRYPTO CURRENCY PARTNERS II, LP",Current portfolio - both contributed and new investments ON,ORG,1,y,,
P00953,HOUSE_OVERSIGHT_031112,nal [election] — you're either with [House Minority leader],Nancy Pelosi,or you're with Donald Trump.... Trump's second presidential,PERSON,3,y,,
P00602,HOUSE_OVERSIGHT_026627,ATE 3RD DEBATE Hillary Clinton Donald Trump Winning Chances,Clinton,: 59% – Trump: 41% Winning chances in US States 93 84 76 New,PERSON,18,y,,
P00140,HOUSE_OVERSIGHT_022211,"gest that the victims' rights were violated mukiple times.""",Kenneth Staff,", aggressive advocacy for Epstein against allegations of imp",ORG,1,n,PERSON,
P00475,HOUSE_OVERSIGHT_024271,AUDIT Crawford Pimintel BANK Silicon Valley Bank CUSTODIAN,Merrill Lynch,"BTC VAULT Xapo & BitGo ONE FERRY BUILDING, SUITE 255 SAN FR",ORG,2,y,,
P00559,HOUSE_OVERSIGHT_025176,n to the mean. etc. would . could be a force similar to the,EM,"one. On Fri, Jan 20, 2017 at 7:11 AM, David Grosof < > wrot",ORG,2,y,,
P00499,HOUSE_OVERSIGHT_024271,"platform that is currently integrated with Twitter, GitHub,",Reddit,", Google+, Tumblr, and YouTube. We believe that ChangeTip’s",ORG,1,y,,
P00407,HOUSE_OVERSIGHT_024271,"Bank of San Francisco, banking supervision MICHAEL MCADAM |",CFO,: Union Bank (Mitsubishi UFJ Financial Group) SIMON MCNAMARA,ORG,1,n,PERSON,
P00380,HOUSE_OVERSIGHT_024271,OCKO | Partner: Data Collective WILL O’BRIEN | Co-founder:,BitGo,"CHARLIE LEE | Coinbase, Founder of Litecoin * Chairman of t",ORG,7,y,,
P00217,HOUSE_OVERSIGHT_022977,ia-twitter-410x220.png; Sen.-Bill- Cassidy-CNN-410x220.png;,Screenshot-814-410x220.png,; trumpepstein2-410x220.jpg; Big-Bang-Theory-1- 410x220.jpg;,ORG,1,n,PERSON,
P00661,HOUSE_OVERSIGHT_027030,". AND I warned her. --------Original message-------- From: """,Eisenberg,", Marshall E."" < Date: To: ""Pritzker, Tom"" - Subject: Fwd: P",PERSON,4,y,,
P00208,HOUSE_OVERSIGHT_022977,te • blem crushing the poor and sick to help the ultra-rich,Raw Story,"SIGN UP FOR OUR NEWSLETTER Get the best of Raw Story, deliv",ORG,7,y,,
P00944,HOUSE_OVERSIGHT_031112,midterms Sent from my iPhone Begin forwarded message: From:,Fareed Zakaria,"GPS ‹> Date: June 2, 2018 at 2:26:50 AM GMT+4 To: Fareed Za",PERSON,6,y,,
P01129,HOUSE_OVERSIGHT_031996,"98=Ju4TlyA@mail.gmail.com> Subject: Re: High Profile From: """,jeffrey E.,""" <jeevacation@gmail.com> To: Christina Galbraith [REDACTED]",PERSON,3,y,,
P01141,HOUSE_OVERSIGHT_031996,magansett in November. > • Christina Galbraith > MEDIA/PR >,VI Foundation • 1111.1.11,--=20 please note The information contained in this communi,ORG,1,y,,
P00674,HOUSE_OVERSIGHT_027030,"itzker Alert Sent from my iPhone Begin forwarded message: ,""","Miller, Glen",""" < From: ""Kaczorowski, Monice M."" < <mailto Date: May 22, 2",PERSON,2,y,,
P00429,HOUSE_OVERSIGHT_024271,"to new use-­‐cases and applicaDons across industries,"" -­‐",Debby Hopkins,", Chief InnovaDon Officer at CiD Santander -­‐ published: “F",PERSON,1,y,,
P00421,HOUSE_OVERSIGHT_024271,ilding permits Health/safety inspections Non-profit records,Court,records Gun permits Voting Global trade network Loyalty Poi,ORG,1,y,,
P00395,HOUSE_OVERSIGHT_024271,"5 ($100k - $500k per deal) STRUCTURE 4 x 25% capital calls,",BTC,"Accepted ONE FERRY BUILDING, SUITE 255 SAN FRANCISCO, CA 94",ORG,2,y,,
P00561,HOUSE_OVERSIGHT_025176,about autism when I saw him talk —4 years ago on book tour @,Google,". I met him once through Gunther Stent, as well as Crick on",ORG,3,n,,
P00639,HOUSE_OVERSIGHT_026938,: Re: IMPORTANT [REDACTED]1 Importance: High THE LAST LAUGH,Sarah Silverman,"on Al Franken, Louis C.K., Losing Her Hulu Show and More In",PERSON,21,y,,
P00748,HOUSE_OVERSIGHT_027455,": Add Kavanaugh , Canada trade, Maxine waters. screaming. .",Kavanaugh,"hearing congressman Blumenthal , the liar. Talking about on",PERSON,4,y,,
P00754,HOUSE_OVERSIGHT_027455,ion: No GUID: CE5F8717-6DF0-4A7C-8A1C-8DF2F66FF0E1 Message:,Trump,at war and Iran. - old news Sender: e:jeeitunes@gmail.com T,PERSON,2,y,,
P00560,HOUSE_OVERSIGHT_025176,"Foundation, and Creative Commons, along with allied US, UK,",European,governmental and NGO funding sources and other institutions,GPE,2,y,,
P00193,HOUSE_OVERSIGHT_022977,souri school playground as political suicide ill must pass ',Jimmy,church and state • blem crushing the poor and sick to help,PERSON,1,y,,
P00449,HOUSE_OVERSIGHT_024271,OPPORTUNITES FOR BLOCKCHAIN ADOPTION Micro-Transactions All,Global Media Companies,"Financial Settlement Stock, Bonds, Derivatives, etc Remittan",ORG,1,y,,
P01307,HOUSE_OVERSIGHT_033491,"h the style of ""E"" for the tail, and I'll request rendering",wi= th,"slanted Flag for Right side of Vertical Stabilizer,. =20 th",ORG,2,y,,
P00190,HOUSE_OVERSIGHT_022977,d many of them are on the younger side. No doubt about it —,Jeffrey,"enjoys his social life,"" Trump told reporters. Reiort los a",PERSON,3,y,,
P01292,HOUSE_OVERSIGHT_033491,From:,Lvjet,Sent: 6/7/2014 5:00:22 PM To: jeevacation@gmail.com Subject,PERSON,1,y,,
P00828,HOUSE_OVERSIGHT_029304,"side him more effective, efficient and profitable. incerely",Donald Trump,"725 FIFTH AVENUE • NEW YORK, NY 10022 •",PERSON,3,y,,
P01154,HOUSE_OVERSIGHT_032760,E. <jeevacation@gmail.com> wrote: We are here at martins On,Sat,", Mar 24, 2018 at 2:40 PM LHS < Opinions Sent from my iPhone",GPE,2,y,,
P00554,HOUSE_OVERSIGHT_025176,ks! You're up late or you're not so east of my SF location!,David, ,PERSON,5,y,,
P00235,HOUSE_OVERSIGHT_022977,"Facebook8.8K8.9KSkvoeMore299300 Jeffrey Epstein (left, via",YouTube,"screengrab) and President Donald Trump (right, via Creative",ORG,3,y,,
P00938,HOUSE_OVERSIGHT_031112,"y central to his program.... As we come up on Sept. 30, if [",Congress,'s] appropriations bill does not include spending to fully b,ORG,3,y,,
P00867,HOUSE_OVERSIGHT_029884,"6, 2009 9:59 AM To: Jessica Cadwell; Bradley J. Edwards Cc:",Robert D. Critton Jr.,Subject: RE: Jane Doe Brad is out of the office until this,PERSON,3,y,,
P00851,HOUSE_OVERSIGHT_029884,o: Jeffrey Epstein [jeeyacation@gmail.com] Subject: RE: FW:,Jane Doe,"[REDACTED] feJgca &dwelt, eg; cia' Certified Paralegal Flor",PERSON,17,y,,
P00853,HOUSE_OVERSIGHT_029884,", August 06, 2009 10:20 AM To: Jacquie Johnson Subject: RE:",Jane Doe Great,thank you. Do you have your Stays signed yet? feJjka &dazeE,PERSON,1,y,,
P00122,HOUSE_OVERSIGHT_022211,"ecarey, one of the most highly decorat. officers on the P.m",Beach Police Department,", call. the Epstein case the most troubling of his 23-year c",ORG,2,y,,
P00659,HOUSE_OVERSIGHT_027030,• GERBER • EISENBERG Two North LaSalle Street • Suite 1700,Chicago IL • 60602-3801,direct fax http://www.ngelaw.com<http://www.ngelaw.corn/>>,ORG,1,n,GPE,
P00668,HOUSE_OVERSIGHT_027030,"From: Pritzker, Tom Sent: 5/23/2013 11:45:14 AM To:",Jeffrey Epstein,[jeeyacation@gmail.com] Subject: RE: Pritzker Alert Importa,PERSON,6,y,,
P00646,HOUSE_OVERSIGHT_026938,Why Sarah Silverman Is 'Thankful' for Trump Matt Wilstein <,SS,tulqlf.jpeg> On looking like an 'asshole' after commenting,PERSON,1,y,,
P00186,HOUSE_OVERSIGHT_022977,acher-over-racials-slur-Twitter-410x220.png; Texas-Governor-,Greg- Abbott,-410x220.jpg; Joe-Scarborough-MSNBC-410x220.png; Sad-Paul-Ry,PERSON,1,y,,
P00131,HOUSE_OVERSIGHT_022211,pstein:. he said as part of a series of interviews with the,Her.d,"earlier this year. Privately, Michael Reiter and Recarey sa",ORG,2,y,,
P01299,HOUSE_OVERSIGHT_033491, ---- From: Guy Amico To: Larry Visoski Cc: Scott Stambau JR,Stambaugh,"Sent: Sat, Jun 7, 20141:1 Subject: Photos =20 =20 =20 =20 =",PERSON,3,y,,
P00999,HOUSE_OVERSIGHT_031192,nvestors of billions of dollars in ponzi crimes at the time,Lisa,"became the wife of Steven Hoffenberg, who was Epstein's bos",PERSON,2,y,,
P00576,HOUSE_OVERSIGHT_025176,to be as diligent and smart as possible in using tools like,Signal,", two-factor/multi-factor authentication, taking webmail arc",ORG,2,y,,
P00195,HOUSE_OVERSIGHT_022977,le • for House GOP: 'They are staring death in the face' •,Kimmel,test' to win his su ort • spills onto a Missouri school pla,ORG,1,n,PERSON,
P00409,HOUSE_OVERSIGHT_024271,CUMBENTS EMBRACING THE BLOCKCHAIN NASDAQ -­‐ partnered with,Chain,to launch private company exchange “As blockchain technolog,ORG,3,y,,
P01038,HOUSE_OVERSIGHT_031442,"M<br>Sub= ject: High Profile<br>To: &quot;<a href=3D""mailto:",Jeffrey,"@jeffreyepstein.or= g"" target=3D""_blank"">Jeffrey@jeffreyepst",PERSON,1,y,,
P00935,HOUSE_OVERSIGHT_031112,"that talented immigrants will simply go elsewhere — Canada,",Britain,", Australia — and start successful companies there. And, in",GPE,6,y,,
P00121,HOUSE_OVERSIGHT_022211,re recruit. from middle schools and high schools around P.m,Beach County,. Epstein would pay the girls for massages and offer them fu,GPE,3,y,,
P00843,HOUSE_OVERSIGHT_029884,irls as facility that Jane Doe attended. Milton Center is a,Department of Juvenile Justice,facility; therefore I will need to get her records from DJJ,ORG,2,y,,
P00950,HOUSE_OVERSIGHT_031112,s going to be an emotional [election] — you're either with [,House Minority leader,] Nancy Pelosi or you're with Donald Trump.... Trump's secon,ORG,1,n,PERSON,
P00701,HOUSE_OVERSIGHT_027278,y closely with Victor Orban and other of your colleagues in,Europe,. I am having dinner with him in Paris on 22 June. He could,GPE,2,y,,
P00736,HOUSE_OVERSIGHT_027428,"ay . And they vote US dollar. Turkey iran South America, ie",venezuela argentina,Brazil failed socialism - India. CONFIDENCE IN THE FUTURE-,GPE,1,y,,
P00971,HOUSE_OVERSIGHT_031112,midterms Please scroll down or click here to read my latest,Washington Post,column. Steve Bannon's clever idea to save the GOP from bru,ORG,3,y,,
P00500,HOUSE_OVERSIGHT_024271,"s C preferred itBit January ’15 $250,000 Series B preferred",Ripple,"March ’15 $250,000 Series A preferred ABRA July ’15 $100,00",ORG,2,y,,
P00188,HOUSE_OVERSIGHT_022977,> Gleeful Democrats see Trumpcare as political suicide for,House GOP,": 'They are staring death in the face' By commenting, you ag",ORG,1,y,,
P00832,HOUSE_OVERSIGHT_029304,nt and profitable. incerely Donald Trump 725 FIFTH AVENUE •,NEW YORK,", NY 10022 •",GPE,2,y,,
P00119,HOUSE_OVERSIGHT_022211,". To negotiate what the letters ,rnuld say and whether they",Aould,be sent at all suggest that the victims' rights were violat,PERSON,1,y,,
P00142,HOUSE_OVERSIGHT_022211,a case where feder. prosecutors consult with a defense at-,Kenneth torney,before they send out Starr standard victim notification let,PERSON,1,y,,
P00515,HOUSE_OVERSIGHT_024271,referred to as the “father of digital currency” 40 Years in,Silicon Valley Investment Management,and Banking Leaders in Technology Investing Incubated and F,ORG,1,y,,
P00423,HOUSE_OVERSIGHT_024271,"E 255 SAN FRANCISCO, CA 94111 investor@blockchain.capital 8","CRYPTO CURRENCY PARTNERS I, LP","The First Dedicated Bitcoin Venture Fund - 30 Investments,",ORG,1,y,,
P00550,HOUSE_OVERSIGHT_025176,"edia, Internet Archive, Electronic Frontier Foundation, and",Creative Commons,", along with allied US, UK, European governmental and NGO fu",ORG,3,y,,
P01150,HOUSE_OVERSIGHT_032760,,Donald Trump,,PERSON,1,y,,
P00699,HOUSE_OVERSIGHT_027278,\Library\Messages\Archive\2018-06-16\Terje on 2018-06-09 at,17.38.08.ichat Service,: iMessage Start Time: 06/09/18 02:38:08 PM (550273088) End,ORG,1,y,,
P00373,HOUSE_OVERSIGHT_024271," -> India, Mexico, Philip. Early-Adopt Millennials USA, EU,",AU,"Currency Controlled Markets Korea, S. Africa, China, India",GPE,2,y,,
P01032,HOUSE_OVERSIGHT_031442,"r sissy=E2=80=99s. > • Regards, > • Jamie Rosenwald > • Ps.",David Asch,and I toasted to you during our Thanksgiving weekend in > A,PERSON,6,y,,
P00977,HOUSE_OVERSIGHT_031192,"all copies thereof, including all attachments. Copyright of",Darren K.,"Indyke, PLLC - 0 2015 Darren K. Indyke, PLLC — All rights r",PERSON,1,y,,
P00538,HOUSE_OVERSIGHT_024271,"land, XOOM, Fiserv and First Data MARY CRANSTON | Director:",VISA,", ex-CEO and Chair of Pillsbury Winthrop TERRY SCHWAKOPF | E",ORG,1,y,,
P00384,HOUSE_OVERSIGHT_024271,4111 investor@blockchain.capital 2 INCUMBENTS EMBRACING THE,BLOCKCHAIN,NASDAQ -­‐ partnered with Chain to launch private company e,ORG,1,y,,
P00582,HOUSE_OVERSIGHT_025176,niversity as one of the founders. (His father was a pioneer,UCSF MD,"researcher of hallucinogens, I believe!) More to come in a",ORG,2,y,,
P00658,HOUSE_OVERSIGHT_027030,• GERBER • EISENBERG Two North LaSalle Street • Suite 1700,Chicago,IL • 60602-3801 direct fax http://www.ngelaw.com<http://www,GPE,1,y,,
P00454,HOUSE_OVERSIGHT_024271,"ndard Chartered, BNP and Deutsche Bank VINNY LINGHAM | CEO:",Gyft,(acquired by First Data) BOBBY LEE | CEO: BTC China NICCOLO,ORG,1,y,,
P00580,HOUSE_OVERSIGHT_025176,re not so east of my SF location! David PS How to trade the,Trump-GOP,"demolition of the welfare state, erratic elevation of risks",ORG,1,y,,
P00741,HOUSE_OVERSIGHT_027455,"753C74-F49A-408B-940C-E6D5AB4BD9B1 Message: Add Kavanaugh ,",Canada,"trade, Maxine waters. screaming. . Kavanaugh hearing congre",GPE,3,y,,
P00746,HOUSE_OVERSIGHT_027455,AM (562082489) Flags: 1085445 Is Read: No Is Invitation: No,GUID,: F21C7A60-2A01-428F-A9AF-653E99D2E16E Message: Add caravan,ORG,2,y,,
P00703,HOUSE_OVERSIGHT_027278,ion: No GUID: 68B8EEF5-871D-49F7-8F48-E3B9BB045169 Message:,Kurtz,important. As he will host trump and Putin Sender: e:jeeitu,PERSON,2,y,,
P01288,HOUSE_OVERSIGHT_033491,"ilizer,.</div> <div>&nbsp;</div> <div>thank you,</div> <div>",Larry,"</div> <div>&nbsp;</div> <div>&nbsp;</div> <div style=3D""co",PERSON,5,y,,
P01113,HOUSE_OVERSIGHT_031996,h and I toasted to you during our Thanksgiving weekend in >,Amagansett,in November. > • Christina Galbraith > MEDIA/PR > VI Founda,GPE,6,y,,
P00959,HOUSE_OVERSIGHT_031112,"midterm elections. But it doesn't have to be that way, says",Stephen K. Bannon,", the chief ideologist of the populist wave that brought Don",PERSON,3,y,,
P00988,HOUSE_OVERSIGHT_031192,with this cover-up. The book says President Obama told the,Attorney General,that Jeffrey Epstein was cooperating in an overseas banking,PERSON,1,y,,
P00514,HOUSE_OVERSIGHT_024271,referred to as the “father of digital currency” 40 Years in,Silicon Valley Investment Management,and Banking Leaders in Technology Investing Incubated and F,GPE,1,n,ORG,
P00165,HOUSE_OVERSIGHT_022211,ll Clinton as independent counsel for the Whitewater probe.,The Starr Report,", the summary of his findings in the Whitewater investigatio",ORG,2,y,,
P00730,HOUSE_OVERSIGHT_027428,small sp your minions can wear it on their collars like the,SS,Sender Time: 09/27/18 02:48:27 AM (559734507) Flags: 106086,ORG,1,y,,
P00895,HOUSE_OVERSIGHT_030408,ubject: Re: Reuters: China defends Iran business ties after,Trump,threat https://www.klearwaterstore.com/davey-bt14-30-torriu,PERSON,1,y,,
P00171,HOUSE_OVERSIGHT_022211,ating President Bill Clinton as independent counsel for the,Whitewater,"probe. The Starr Report, the summary of his findings in the",GPE,4,n,ORG,
P00958,HOUSE_OVERSIGHT_031112,1B visas and this unfair competition ... from East Asia and,South Asia,"."" Now this strikes me as entirely wrong. The reason that no",GPE,3,y,,
P00441,HOUSE_OVERSIGHT_024271, -CEO and Chair of Pillsbury Winthrop TERRY SCHWAKOPF | EVP:,Federal Reserve Bank of San Francisco,", banking supervision MICHAEL MCADAM | CFO: Union Bank (Mits",ORG,2,y,,
P00231,HOUSE_OVERSIGHT_022977,-Bill- Cassidy-CNN-410x220.png; Screenshot-814-410x220.png;,trumpepstein2,-410x220.jpg; Big-Bang-Theory-1- 410x220.jpg; Screen-Shot-20,PERSON,1,y,,
P00934,HOUSE_OVERSIGHT_031112,th reform [here].... You could begin to see the elements of,Bernie Sanders,coupled with the Trump movement that really becomes a domin,PERSON,3,y,,
P00651,HOUSE_OVERSIGHT_026938,logized and she accepted his apology. But it does seem that,the Republican Party,and I don't think this is something to emulate at all___doe,ORG,2,y,,
P00536,HOUSE_OVERSIGHT_024271,"ets Korea, S. Africa, China, India Unstable Markets Africa,",Venezuela,", Argentina ONE FERRY BUILDING, SUITE 255 SAN FRANCISCO, CA",GPE,2,y,,
P00685,HOUSE_OVERSIGHT_027030,,"Richman, Lawrence I.",,PERSON,3,y,,
P00633,HOUSE_OVERSIGHT_026938,"asshole' after commenting on Louis C.K. ""My experience with",Louis,as a teenager perhaps informs his pathology a bit. But in n,GPE,1,n,PERSON,
P00398,HOUSE_OVERSIGHT_024271,"Officer at RBS ONE FERRY BUILDING, SUITE 255 SAN FRANCISCO,",CA,94111 investor@blockchain.capital 3 THREE TECHNOLOGY EVOLUT,GPE,3,y,,
P00717,HOUSE_OVERSIGHT_027428,5445 Is Read: No Is Invitation: No GUID: CBDA6468-8F3E-4399-,BA7A,-BCOA7ABDA0A4 Message: we can make it small sp your minions,GPE,1,y,,
P00292,HOUSE_OVERSIGHT_023038,"Les Wexner, Ehud Barak, former Senator George Mitchell and",Stephen Kosslyn,. 6. Ms Maxwell introduced to Prince Andrew in 2001 at Ms Ma,PERSON,3,y,,
P00386,HOUSE_OVERSIGHT_024271, ,"BLOCKCHAIN CAPITAL, LLC","CCP II, LP OCTOBER 2015 ONE FERRY BUILDING, SUITE 255 SAN F",ORG,2,y,,
P00656,HOUSE_OVERSIGHT_026938,xt week on The Last Laugh podcast: Arrested Development and,Veep,star Tony Hale.,ORG,1,y,,
P01102,HOUSE_OVERSIGHT_031809,From: Richard Kahn Sent: 7/13/2018 6:35:08 PM To:,jeffrey E.,[jeeyacation@gmail.com] Subject: Re: AVG° _ Importance: Hig,PERSON,17,y,,
P00605,HOUSE_OVERSIGHT_026627,DEBATE Hillary Clinton 59 41 3RD DEBATE Donald Trump 75 86,Florida,Trump 14% - Clinton 86% 25 2ND DEBATE Hillary Clinton 14 3R,GPE,3,y,,
P00361,HOUSE_OVERSIGHT_024271,RECOGNITION #2 U.S. Long/Short Hedge Fund* $500 Million AUM,2.5x Venture Fund,", 11.5% IRR Founded 8 crypto currency startups and often ref",ORG,2,y,,
P01034,HOUSE_OVERSIGHT_031442,"use it, at Bear, made good!! > • Unless your PR advisor is",Donald Trump,", I am not sure that current press > provides you with much",PERSON,6,y,,
P00463,HOUSE_OVERSIGHT_024271,KESPERSON SERIAL ENTREPRENEUR IGE (2001-2007) - Merged with,ItemBay,Zam (2004-2012) - Sold to TenCent Singularity University IM,ORG,3,y,,
P00570,HOUSE_OVERSIGHT_025176,cope with a kakistocratic seizure of emergency powers? The,Patriot Act,"was on a 'shelf as you know, ready to be used. What should",ORG,2,y,,
P00955,HOUSE_OVERSIGHT_031112,hat Trump himself seems to instinctively get. Bannon was in,Rome,to learn from and provide support to the unusual coalition,GPE,5,y,,
P00840,HOUSE_OVERSIGHT_029884, ,Cadwell,Subject: RE: Jane Doe From: Jessica Cadwell [mailto Sent: T,ORG,1,n,PERSON,
P00963,HOUSE_OVERSIGHT_031112,Sunday at 10 am ET. NOTE: This e-mail message is subject to,the Dubai World Group,disclaimer see http://www.dubaiworld.ae/email disclaimer,ORG,2,y,,
P00382,HOUSE_OVERSIGHT_024271,"e November’14 $50,000 Note discounted to Series A preferred",BitPesa,"December ’14 $100,000 Note discounted to Series A preferred",ORG,2,y,,
P00146,HOUSE_OVERSIGHT_022211,"ndreds of girls, not only in P.m Beach, but at his homes in",Manhattan,", New Mexico and on Litde St. James island in the U.S. Virgi",GPE,3,y,,
P00267,HOUSE_OVERSIGHT_023038,uestions about what went on. 11. Mr Epstein's residences in,Florida,and New York had surveillance cameras that taped the sex se,GPE,3,y,,
P00870,HOUSE_OVERSIGHT_029884,to 9/23. A re-Notice of Taking Deposition will follow. Mr.,Trump,"'s deposition is scheduled for August 18, 2009. From: Jessic",PERSON,2,y,,
P00187,HOUSE_OVERSIGHT_022977,> Gleeful Democrats see Trumpcare as political suicide for,House,"GOP: 'They are staring death in the face' By commenting, yo",ORG,6,y,,
P00982,HOUSE_OVERSIGHT_031192,pstein ponzi crimes. The Lisa Twardeau book states that the,FBI,is violating the law with this cover-up. The book says Pres,ORG,8,y,,
P00604,HOUSE_OVERSIGHT_026627,4 Million tweets. Here is the performance of candidates: 1.,Donald Trump Positive,– 22.89% Neutral – 14.38% Negative – 62.73% 2. Hillary Clin,PERSON,1,y,,
P00286,HOUSE_OVERSIGHT_023038,and others this weekend. We urgently require responses from,Ms Maxwell,to the following questions. Our deadline is noon tomorrow.,PERSON,28,y,,
P01039,HOUSE_OVERSIGHT_031442,"98=3u4TlyA@mail.gmail.com> Subject: Re: High Profile From: """,jeffrey E.,""" <jeevacation@gmail.com> To: Christina Galbraith <christina",PERSON,3,y,,
P01092,HOUSE_OVERSIGHT_031809,we hopefully get more clarity from management. Paul Barrett,Alpha Group Capital LLC,"142 W 57th Street, 11th Floor, New York, NY 10019 <image001",ORG,5,y,,
P01001,HOUSE_OVERSIGHT_031192,************** ************* Begin forwarded message: From:,Martin Weinberg,Subject: Fwd: PPB Jeffrey Epstein News Latest News Hot New,PERSON,3,y,,
P00422,HOUSE_OVERSIGHT_024271,ON / CFO Kranz & Associates LEGAL Sidley Austin TAX / AUDIT,Crawford Pimintel,BANK Silicon Valley Bank,ORG,5,y,,
P00948,HOUSE_OVERSIGHT_031112,"eat jobs in Silicon Valley, unless you start to limit these",H-1B,visas and this unfair competition ... from East Asia and So,ORG,2,y,,
P01104,HOUSE_OVERSIGHT_031809,s from selling puts.. Richard Kahn HBRK Associates Inc. 575,Lexington Avenue,"4th Floor New York, NY 10022 tel fax cell On Jul 13, 2018,",ORG,1,y,,
P00493,HOUSE_OVERSIGHT_024271,ersity IMI Exchange (2004-Present) Xfire 2.0 (2011-Present),Playsino,(2011-Present) GoCoin (payment processor) Blade Financial (,PERSON,2,n,ORG,
P00839,HOUSE_OVERSIGHT_029884,", eg; cia' Certified Paralegal Florida Registered Paralegal","BURMAN CRITTON LUTTIER & COLEMAN, LLP","515 N. Flagler Drive Suite #400 West Palm Beach, FL 33401 F",ORG,6,y,,
P00437,HOUSE_OVERSIGHT_024271,"UAE -> India, Mexico, Philip. Early-Adopt Millennials USA,",EU,", AU Currency Controlled Markets Korea, S. Africa, China, In",ORG,1,n,GPE,
P00403,HOUSE_OVERSIGHT_024271,.7x) General Partners contributed co-investments at cost to,CCP I,"I ONE FERRY BUILDING, SUITE 255 SAN FRANCISCO, CA 94111 inve",ORG,2,y,,
P01018,HOUSE_OVERSIGHT_031192,dent to be impeached for obstruction of justice whereby the,U.S.,Attorney General will learn everything that is in the Tward,GPE,3,n,PERSON,
P00473,HOUSE_OVERSIGHT_024271,"rector: Royal Bank of Scotland, XOOM, Fiserv and First Data",MARY CRANSTON,"| Director: VISA, ex-CEO and Chair of Pillsbury Winthrop TE",PERSON,2,y,,
P00723,HOUSE_OVERSIGHT_027428,"family, was the lights on in the bedroom.? did you ever see",kavanaugh,again? how many times before. ? how did you get home 8 mile,PERSON,5,y,,
P00897,HOUSE_OVERSIGHT_030408,,United States,,GPE,1,y,,
P01028,HOUSE_OVERSIGHT_031442,"""#888888""> </font></span></div><span class=3D""HOEnZb""><font","color=3D""#888888""><br><br","= clear=3D""all""><br>-- <br><div><div dir=3D""ltr""><div><font",GPE,1,y,,
P00134,HOUSE_OVERSIGHT_022211,ated its obligations to provide notification to victims and,Jane Doe,it 1 was thus not told that the USAO had entered into a r:i,PERSON,2,y,,
P00961,HOUSE_OVERSIGHT_031112,From:,Sultan Bin Sulayem,Sent: 6/1/2018 10:54:16 PM To: Jeffrey Epstein [jeevacation,PERSON,2,y,,
P00144,HOUSE_OVERSIGHT_022211,"tter and through a spokesmail for his current law finn, the",Lanier Finn,", but did not receive a response for this story. Palm Beach",PERSON,2,y,,
P00484,HOUSE_OVERSIGHT_024271,"BLOCKCHAIN CAPITAL, LLC CCP II, LP OCTOBER 2015",ONE FERRY BUILDING,", SUITE 255 SAN FRANCISCO, CA 94111 investor@blockchain.capi",GPE,8,y,,
P00616,HOUSE_OVERSIGHT_026627, ,US,"Election Debate 19 Oct, 2016 Since the 3 rd US Presidential",GPE,4,y,,
P00435,HOUSE_OVERSIGHT_024271,"e a faster, more secure and more efficient payment system.”",Eric Schmidt,“Bitcoin is a remarkable cryptographic achievement and the,PERSON,2,y,,
P00527,HOUSE_OVERSIGHT_024271,"o CHARLIE LEE | Coinbase, Founder of Litecoin * Chairman of",the Advisory Board,Built a robust team of Advisors and LPs from the Blockchain,ORG,1,y,,
P00288,HOUSE_OVERSIGHT_023038,"e From: Mark Cohen Date: Fri, 4 Mar 2011 11:14:35 -0500 To:",NY Max,"<gmaxl@ellmax.com> Subject: FW: Ghislaine Maxwell FYI, foll",ORG,1,y,,
P01140,HOUSE_OVERSIGHT_031996,magansett in November. > • Christina Galbraith > MEDIA/PR >,VI Foundation,• 1111.1.11 --=20 please note The information contained in,ORG,2,y,,
P00722,HOUSE_OVERSIGHT_027428,ld experts vote every day . And they vote US dollar. Turkey,iran,"South America, ie venezuela argentina Brazil failed sociali",GPE,2,y,,
P00670,HOUSE_OVERSIGHT_027030,"my iPhone Begin forwarded message: ,""Miller, Glen"" < From: ""","Kaczorowski, Monice M.",""" < <mailto Date: May 22, 2013, 8:54:07 PM CDT To: ""Eisenber",PERSON,2,y,,
P00879,HOUSE_OVERSIGHT_030408,"rs Corr <M11111> Date: August 8, 2018 at 5:32:57 AM EDT To:",Fanell Red,">, Authoritarian Influence <MIM Subject: Reuters: China def",PERSON,1,y,,
P00223,HOUSE_OVERSIGHT_022977,0.png; default.gif; Sad-Paul-Ryan-yia-twitter- 290x156.png;,Tennessee-Goy-Steye-Bashear,-yia-screencap-300x161.png; Sad-Paul-Ryan-via-twitter-300x16,PERSON,1,y,,
P00557,HOUSE_OVERSIGHT_025176,", Jan 20, 2017 at 1:07 AM, David Grosof <[REDACTED]> wrote:",Dear Jeffrey,", A Congratulations on another spin around the sun. A I woul",PERSON,1,y,,
P00751,HOUSE_OVERSIGHT_027455,-4744-88FC-0E373EB1E7F8 Message: Just convince him to be in,Paris,during fashion week Sender: e:jeeitunes@gmail.com Time: 09/,GPE,12,y,,
P00610,HOUSE_OVERSIGHT_026627,ton: 59% – Trump: 41% Winning chances in US States 93 84 76,New York,Trump 24% - Clinton 76% 7 16 24 1ST DEBATE 2ND DEBATE 3RD D,GPE,3,y,,
P00669,HOUSE_OVERSIGHT_027030,"my iPhone Begin forwarded message: ,""Miller, Glen"" < From: """,Kaczorowski,", Monice M."" < <mailto Date: May 22, 2013, 8:54:07 PM CDT To",PERSON,1,y,,
P00210,HOUSE_OVERSIGHT_022977,fronts-white-teacher-oyer-racials-slur-Twitter-300x161.png;,Robert-Reich,-2- 300x161.jpg; Joe-Scarborough-MSNBC-300x161.png; Screen-S,PERSON,2,y,,
P00466,HOUSE_OVERSIGHT_024271,OCK PIERCE PAUL STEPHENS EXPERIENCE • Stephens Inv. Mgmt. •,Ivanhoe Capital • E*Trade Group,• Princeton • Stephens Inv. Mgmt. • Fidelity Ventures • CSF,ORG,1,y,,
P01093,HOUSE_OVERSIGHT_031809,Any thoughts on the AVGO Aug puts? Stock trading at 204.50.,Aug,puts now $6.50 Paul Barrett Alpha Group Capital LLC 142 W 5,ORG,5,y,,
P00377,HOUSE_OVERSIGHT_024271,"ies A preferred LedgerX July ’14 $50,000 Series A preferred",BitAccess,"September ‘14 $25,000 Note discounted to Series A preferred",ORG,3,y,,
P00461,HOUSE_OVERSIGHT_024271,"Short Hedge Fund* $500 Million AUM 2.5x Venture Fund, 11.5%",IRR,Founded 8 crypto currency startups and often referred to as,ORG,2,y,,
P00459,HOUSE_OVERSIGHT_024271,"k, Bonds, Derivatives, etc Remittance Hot Spots USA, UAE ->",India,", Mexico, Philip. Early-Adopt Millennials USA, EU, AU Curren",GPE,3,y,,
P00513,HOUSE_OVERSIGHT_024271,ates LEGAL Sidley Austin TAX / AUDIT Crawford Pimintel BANK,Silicon Valley Bank, ,ORG,3,y,,
P01133,HOUSE_OVERSIGHT_031996,"= g"" target=3D""_blank"">Jeffrey@jeffreyepstein.org</a>&quot;","&lt;<a href=3D""ma=","ilto:Jeffrey@jeffreyepstein.org"" target=3D""_blank"">Jeffrey@",GPE,4,n,ORG,
P01143,HOUSE_OVERSIGHT_032423,From: Kathy Ruemmler Sent: 1/12/2017 2:12:30 PM To:,jeffrey E.,[jeeyacation@gmail.com] Subject: Re: Importance: High What,PERSON,5,y,,
P00649,HOUSE_OVERSIGHT_026938,pg> Matt Wilstein 03.26.19 4:12 AM ET Photo Illustration by,The Daily Beast,/Getty Subscribe to The Last Laugh on Apple Podcasts Wearing,ORG,2,y,,
P00393,HOUSE_OVERSIGHT_024271,chain.capital 4 EXPERIENCED TEAM IN INVESTING BART STEPHENS,BRAD STEPHENS,BROCK PIERCE PAUL STEPHENS EXPERIENCE • Stephens Inv. Mgmt.,PERSON,2,y,,
P00476,HOUSE_OVERSIGHT_024271,"s, Derivatives, etc Remittance Hot Spots USA, UAE -> India,",Mexico,", Philip. Early-Adopt Millennials USA, EU, AU Currency Contr",GPE,2,y,,
P00369,HOUSE_OVERSIGHT_024271,1 investor@blockchain.capital 7 PARTNERS AND ADVISORY BOARD,ALISON DAVIS*,"| Director: Royal Bank of Scotland, XOOM, Fiserv and First",ORG,1,n,PERSON,
P00634,HOUSE_OVERSIGHT_026938,"asshole' after commenting on Louis C.K. ""My experience with",Louis,as a teenager perhaps informs his pathology a bit. But in n,PERSON,2,y,,
P01287,HOUSE_OVERSIGHT_033491,ge----- From: Guy Amico To: Larry Visoski Cc: Scott Stambau,JR Stambaugh,"Sent: Sat, Jun 7, 20141:1 Subject: Photos =20 =20 =20 =20 =",PERSON,1,y,,
P00973,HOUSE_OVERSIGHT_031192,"s, stay with this hot story that reveals that a cover-up in",America,is taking place. The Richard Nixon story all over again is,GPE,3,y,,
P00215,HOUSE_OVERSIGHT_022977,trumpepstein2-410x220.jpg; Big-Bang-Theory-1- 410x220.jpg;,Screen-Shot-2017-05-04-at-8.56.43-PM-410x220.png,; default.gif; Sad-Paul-Ryan-yia-twitter- 290x156.png; Tenne,ORG,1,n,PERSON,
P00123,HOUSE_OVERSIGHT_022211,in stark contr. to the path he took investigating President,Bill Clinton,as independent counsel for the Whitewater probe. The Starr,PERSON,2,y,,
P00984,HOUSE_OVERSIGHT_031192,n from Towers and depositing it into the Epstein Hedge Fund,Financial Trust Corp.,Lisa Twardeau died when she was going to expose the fact th,ORG,2,y,,
P01026,HOUSE_OVERSIGHT_031442,"Dalton!! The young, bright options trader, who > understood",Black Sholes,"and how to use it, at Bear, made good!! > • Unless your PR",PERSON,5,n,ORG,
P00436,HOUSE_OVERSIGHT_024271,"UAE -> India, Mexico, Philip. Early-Adopt Millennials USA,",EU,", AU Currency Controlled Markets Korea, S. Africa, China, In",GPE,1,y,,
P00471,HOUSE_OVERSIGHT_024271,"RIEN | Co-founder: BitGo CHARLIE LEE | Coinbase, Founder of",Litecoin,* Chairman of the Advisory Board Built a robust team of Adv,ORG,1,y,,
P00575,HOUSE_OVERSIGHT_025176,y or so. Thanks! You're up late or you're not so east of my,SF,location! David,GPE,6,y,,
P00865,HOUSE_OVERSIGHT_029884,"istered Paralegal BURMAN CRITTON LUTTIER & COLEMAN, LLP 515",N. Flagler Drive Suite,"#400 West Palm Beach, FL 33401 From: Jeffrey Epstein [mailt",GPE,11,y,,
P01033,HOUSE_OVERSIGHT_031442,"@jeffreyepstein.org›; Mon, 05 Jan 2015 17:15:19 -0800 (PST)",DKIM-Signature,: v=1; a=rsa-sha256; c=relaxed/relaxed; d=gmail.com; s=20120,ORG,2,y,,
P01020,HOUSE_OVERSIGHT_031192,w York Post Publishing INC. C E TOWERSINVESTORS.COM C E SEE,VVWW.POST PUBLISHING.BUZZ,THE JESUS CHRIST ON LINE GODs WORD NEWSPAPER MR HOFFENBERG,ORG,1,y,,
P01293,HOUSE_OVERSIGHT_033491,"a; font-size: lOpt;""= >-----Original Message-----<br> From:",Lvjet &ltill.;<br,> To: jeevacation &lt;jeevacation@gmail.com&gt;<br> Sent: Sa,ORG,1,y,,
P00624,HOUSE_OVERSIGHT_026938,"a ""Beer Nuts"" baseball cap, Sarah Silverman strode into our",Burbank,recording studio ready to talk. It had been just a few week,GPE,2,y,,
P00890,HOUSE_OVERSIGHT_030408,ey E. [jeevacation@gmail.com] Sent: 8/8/2018 3:08:21 PM To:,Steve Bannon,Subject: Re: Reuters: China defends Iran business ties afte,PERSON,4,y,,
P00396,HOUSE_OVERSIGHT_024271,NGHAM | CEO: Gyft (acquired by First Data) BOBBY LEE | CEO:,BTC China,NICCOLO DE MASI | CEO: Glu Mobile STEVE BEAUREGARD | CEO: G,ORG,2,y,,
P00539,HOUSE_OVERSIGHT_024271,tel room keys Criminal records Passports Death certificates,Voter IDs Building,permits Health/safety inspections Non-profit records Court,ORG,1,y,,
P00510,HOUSE_OVERSIGHT_024271,ICE PROVIDERS ADMINISTRATION / CFO Kranz & Associates LEGAL,Sidley Austin,TAX / AUDIT Crawford Pimintel BANK Silicon Valley Bank,ORG,3,y,,
P00467,HOUSE_OVERSIGHT_024271,"y-Adopt Millennials USA, EU, AU Currency Controlled Markets",Korea,", S. Africa, China, India Unstable Markets Africa, Venezuela",GPE,2,y,,
P00285,HOUSE_OVERSIGHT_023038,ansion and dressed prior to sex sessions with Mr Epstein. S,Maxwell,herself wore black vinyl during sex sessions with Mr Epstei,ORG,1,n,PERSON,
P00490,HOUSE_OVERSIGHT_024271,"atives, etc Remittance Hot Spots USA, UAE -> India, Mexico,",Philip,". Early-Adopt Millennials USA, EU, AU Currency Controlled Ma",PERSON,1,y,,
P01027,HOUSE_OVERSIGHT_031442,"High Profile From: ""jeffrey E."" <jeevacation@gmail.com> To:",Christina Galbraith,<christina@jeffreyepstein.org> Content-Type: multipart/alte,PERSON,13,y,,
P00128,HOUSE_OVERSIGHT_022211,"ormer feder. prosecutor ""I have never heard of a case where",feder,. prosecutors consult with a defense at- Kenneth torney befo,PERSON,1,n,ORG,
P00995,HOUSE_OVERSIGHT_031192,that President Obama lied to cover up his relationship with,Larry,Summers who is on Jeffrey Epstein's payroll. The book could,PERSON,2,y,,
P00830,HOUSE_OVERSIGHT_029304,aging Director of Business Development and Special Counsel.,Michael,was a person that I would call into my office and could alw,PERSON,9,y,,
P00690,HOUSE_OVERSIGHT_027030,"l.com] Sent: Wednesday, May 22, 2013 11:37 PM To: Pritzker,",Tom Subject: Re:,"Pritzker Alert nice to see you, please come more often On W",PERSON,1,y,,
P00268,HOUSE_OVERSIGHT_023038,"cluding Glenn Dubin, Les Wexner, Ehud Barak, former Senator",George Mitchell,and Stephen Kosslyn. 6. Ms Maxwell introduced to Prince And,PERSON,3,y,,
P00894,HOUSE_OVERSIGHT_030408,ubject: Re: Reuters: China defends Iran business ties after,Trump,threat https://www.klearwaterstore.com/davey-bt14-30-torriu,ORG,3,n,PERSON,
P00174,HOUSE_OVERSIGHT_022977,,Barbara- Comstock,,PERSON,2,y,,
P00150,HOUSE_OVERSIGHT_022211,. the president for his involvement with White House intern,Monica Lewinslcy,and was the basis for impeachment Starr himself Amid face c,PERSON,2,y,,
P00444,HOUSE_OVERSIGHT_024271,"ARD ALISON DAVIS* | Director: Royal Bank of Scotland, XOOM,",Fiserv,"and First Data MARY CRANSTON | Director: VISA, ex-CEO and C",ORG,2,y,,
P01119,HOUSE_OVERSIGHT_031996,financial successes since your days as > my Physics prof at,Dalton,"!! The young, bright options trader, who > understood Black",ORG,4,y,,
P00489,HOUSE_OVERSIGHT_024271,"atives, etc Remittance Hot Spots USA, UAE -> India, Mexico,",Philip.,"Early-Adopt Millennials USA, EU, AU Currency Controlled Mar",GPE,1,n,PERSON,
P00569,HOUSE_OVERSIGHT_025176,"ce in biol. systems"" seems to cover all of neurophysiology:",Jonathan Victor,", whom you met a few years ago in your office, is powerfully",PERSON,3,y,,
P00450,HOUSE_OVERSIGHT_024271,rst Data) BOBBY LEE | CEO: BTC China NICCOLO DE MASI | CEO:,Glu Mobile,STEVE BEAUREGARD | CEO: GoCoin CHRIS PALLOTTA | Special Adv,ORG,2,y,,
P00209,HOUSE_OVERSIGHT_022977,"it — Jeffrey enjoys his social life,"" Trump told reporters.",Reiort los,and corrections to corrections@rawstor .com NEXT ON RAW STO,ORG,2,n,PERSON,
P00417,HOUSE_OVERSIGHT_024271,in (payment processor) Blade Financial (Bitcoin debit card),Coin Congress,(conference) Repeat Entrepreneur and Digital Currency Visio,ORG,2,y,,
P00544,HOUSE_OVERSIGHT_024271,TenCent Singularity University IMI Exchange (2004-Present),Xfire 2.0,(2011-Present) Playsino (2011-Present) GoCoin (payment proc,ORG,2,y,,
P00508,HOUSE_OVERSIGHT_024271,"ustries,"" -­‐ Debby Hopkins, Chief InnovaDon Officer at CiD",Santander -­‐,published: “Fintech 2.0 Paper: Reboo<ng Financial Services”,ORG,2,y,,
P00202,HOUSE_OVERSIGHT_022977,lawsuit links Trump's Mar-a-Lago to pedophile ring: report,NOOR AL-SIBAI,04 MAY 2017 AT 16:45 ET Facebook8.8K8.9KSkvoeMore299300 Jef,PERSON,3,y,,
P00397,HOUSE_OVERSIGHT_024271,ss transaction records Accounting records Software licenses,Business Ownership,records Regulatory records Trademarks Spam Filters Hotel ro,ORG,1,y,,
P00156,HOUSE_OVERSIGHT_022211,"Epstein appeared at his sentencing on June 30, 2008 at the",Palm Beach County Coutthouse,"dress. comfortably in a blue blazer, blue shirt, jeans and",GPE,1,n,ORG,
P00728,HOUSE_OVERSIGHT_027428,a victim of arab bluster bloviating and is now sued by the,sec,for trusting those guys Sender: Time: 09/28/18 10:38:55 AM,ORG,3,y,,
P00735,HOUSE_OVERSIGHT_027428,"ay . And they vote US dollar. Turkey iran South America, ie",venezuela,argentina Brazil failed socialism - India. CONFIDENCE IN TH,GPE,2,y,,
P00744,HOUSE_OVERSIGHT_027455,975E-8AF6-4A7E-85A2-6544378F6EAF Message: How was Paris for,FW,? Sender: e:jeeitunes@gmail.com Time: 10/24/18 08:50:51 AM (,GPE,3,y,,
P00221,HOUSE_OVERSIGHT_022977,ge for o received online • Pope Li Kimmel test' to win his,su,white teacher who insists on • `unnecessar of Tru 'onship w,PERSON,1,y,,
P00989,HOUSE_OVERSIGHT_031192,r the use of the addressee. It is the property of Darren K.,"Indyke, PLLC",". Unauthorized use, disclosure or copying of this communicat",ORG,1,y,,
P00440,HOUSE_OVERSIGHT_024271,"insetter December ’13 $50,000 Converted to Series A at 1.5x",expresscoin,"November ’13 $25,000 Convert to Series A, $2.5m Cap GoCoin",ORG,2,y,,
P00222,HOUSE_OVERSIGHT_022977,0.png; default.gif; Sad-Paul-Ryan-yia-twitter- 290x156.png;,Tennessee,-Goy-Steye-Bashear-yia-screencap-300x161.png; Sad-Paul-Ryan-,GPE,1,y,,
P00548,HOUSE_OVERSIGHT_024271,N SERIAL ENTREPRENEUR IGE (2001-2007) - Merged with ItemBay,Zam,(2004-2012) - Sold to TenCent Singularity University IMI Ex,ORG,3,y,,
P00460,HOUSE_OVERSIGHT_024271,"nd applicaDons across industries,"" -­‐ Debby Hopkins, Chief",InnovaDon,Officer at CiD Santander -­‐ published: “Fintech 2.0 Paper:,ORG,1,y,,
P00629,HOUSE_OVERSIGHT_026938,"now by subscribing to The Last Laugh on Apple Podcasts, the",Himalaya,app or wherever you listen to podcasts. On the 'heartbreaki,GPE,1,y,,
P00643,HOUSE_OVERSIGHT_026938,Their Realest Selves on 'The Last Laugh' <SM 4 gq9fyv.jpeg>,Seth Meyers,"Proves Trump Is the Real 'Husband From Hell' ""It's such an",PERSON,3,y,,
P00415,HOUSE_OVERSIGHT_024271,"opment,” -­‐ Robert Greifeld, NASDAQ CEO, Ci< -­‐ launched “",Ci<coin,"” project ""Blockchain technology not only has an opportunity",ORG,1,y,,
P01289,HOUSE_OVERSIGHT_033491,y=20 =20 =20 -----Original Message----- From: Guy Amico To:,Larry Visoski,"Cc: Scott Stambau JR Stambaugh Sent: Sat, Jun 7, 20141:1 Su",PERSON,6,y,,
P00956,HOUSE_OVERSIGHT_031112,ieves that the Trump coalition can attract up to a third of,Sanders,supporters who see trade and immigration as having created,PERSON,3,y,,
P00199,HOUSE_OVERSIGHT_022977,the face' • Kimmel test' to win his su ort • spills onto a,Missouri,school playground as political suicide ill must pass 'Jimmy,GPE,2,y,,
P00725,HOUSE_OVERSIGHT_027428,avanaughs name? which attys did you interview.? did you use,kavauaghs,name. ? the therapist notes are inconsistent with your stor,PERSON,4,y,,
P01117,HOUSE_OVERSIGHT_031996,"High Profile From: ""jeffrey E."" <jeevacation@gmail.com> To:",Christina Galbraith,[REDACTED] Content-Type: multipart/alternative; boundary=04,PERSON,16,y,,
P00882,HOUSE_OVERSIGHT_030408,You received this message because you are subscribed to the,Google Groups,"""Fanell's Red Star Rising"" group. To unsubscribe from this",ORG,1,y,,
P00965,HOUSE_OVERSIGHT_031112,"on — mixing left and right, old and young — as his goal for",the United States,". ""Europe is about a year ahead of the United States.... You",GPE,6,y,,
P00204,HOUSE_OVERSIGHT_022977,From: Sent: To: Subject: Attachments:,paul krassner,[REDACTED] 5/5/2017 3:19:21 PM jeffrey E. [jeeyacation@gmail,PERSON,1,y,,
P00181,HOUSE_OVERSIGHT_022977,information about Virginia Giuffre who alleges that she met,Epstein,while working as a towel girl at Mar-a-Lago when she was 15,PERSON,16,y,,
P00477,HOUSE_OVERSIGHT_024271,"Federal Reserve Bank of San Francisco, banking supervision",MICHAEL MCADAM,| CFO: Union Bank (Mitsubishi UFJ Financial Group) SIMON MC,PERSON,2,y,,
P00937,HOUSE_OVERSIGHT_031112,This column draws on an on-air interview he did with me for,CNN,", as well as a subsequent conversation.) The Republican Part",ORG,9,y,,
P00481,HOUSE_OVERSIGHT_024271,"ctor operates, but the global financial economy as a whole,",NASDAQ,"aims to be at the center of this watershed development,” -­",ORG,4,y,,
P00976,HOUSE_OVERSIGHT_031192,"u Have Photo Date: December 24, 2015 at 12:02:02 PM EST To:",Darren Indyke Sent,from my iPhone Begin forwarded message: From: steven hoffen,PERSON,2,y,,
P01097,HOUSE_OVERSIGHT_031809,"h stock on both 4,000 lots from selling puts.. Richard Kahn",HBRK Associates Inc.,"575 Lexington Avenue 4th Floor New York, NY 10022 tel fax c",ORG,3,y,,
P00294,HOUSE_OVERSIGHT_023038,"Dear Brett Jaffe, I left you a telephone message earlier.",The Mail on Sunday,"newspaper is running a story on Ghislaine Maxwell, Jeffrey",ORG,1,y,,
P01046,HOUSE_OVERSIGHT_031442,"""arial narrow,sans-serif"" color=3D""#0b5394"">Jeffrey Epstei=",n VI Foundation,"or=3D""#0b5394""> ></font></div><div><a href=3D""mailto taraet",ORG,1,y,,
P00631,HOUSE_OVERSIGHT_026938,attempted to clarify the controversial comments she made to,Howard Stern,about Louis C.K. She reflected on some of her most iconic r,PERSON,3,y,,
P00745,HOUSE_OVERSIGHT_027455,975E-8AF6-4A7E-85A2-6544378F6EAF Message: How was Paris for,FW,? Sender: e:jeeitunes@gmail.com Time: 10/24/18 08:50:51 AM (,PERSON,2,y,,
P00161,HOUSE_OVERSIGHT_022211,"e sour and veer. into an investigation of sexu. misconduct,",savag,. the president for his involvement with White House intern,ORG,1,n,PERSON,
P00611,HOUSE_OVERSIGHT_026627,T DEBATE 2ND DEBATE 3RD DEBATE Hillary Clinton Donald Trump,North Carolina,Trump 41% - Clinton 59% 64 36 2ND DEBATE Hillary Clinton 59,GPE,3,y,,
P00427,HOUSE_OVERSIGHT_024271,"MIT Media Lab, Partner: Raptor Capital MATT OCKO | Partner:",Data Collective,"WILL O’BRIEN | Co-founder: BitGo CHARLIE LEE | Coinbase, Fo",ORG,2,y,,
P00281,HOUSE_OVERSIGHT_023038,elephone numbers are or Annette Witheridge On behalf of the,Mail,on Sunday 1. says Ghislaine Maxwell offered her a job as a,GPE,1,n,ORG,
P00556,HOUSE_OVERSIGHT_025176,ks! You're up late or you're not so east of my SF location!,David PS,"How to trade the Trump-GOP demolition of the welfare state,",PERSON,1,y,,
P00564,HOUSE_OVERSIGHT_025176,"orcing values: Public Library of Science (PLoS), Wikipedia,",Internet Archive,", Electronic Frontier Foundation, and Creative Commons, alon",ORG,3,y,,
P00274,HOUSE_OVERSIGHT_023038,respond to these allegations and all others in the original,Jane Doe,102 complaint. 2. Ms Maxwell took part in numerous other se,PERSON,2,y,,
P00468,HOUSE_OVERSIGHT_024271,"p GoCoin October ’13 $100,000 Converted to Series A at 4.5x",Kraken,"April ’14 $70,000 Series A preferred LedgerX July ’14 $50,0",ORG,2,y,,
P00485,HOUSE_OVERSIGHT_024271,TEAM IN INVESTING BART STEPHENS BRAD STEPHENS BROCK PIERCE,PAUL STEPHENS,EXPERIENCE • Stephens Inv. Mgmt. • Ivanhoe Capital • E*Trad,PERSON,3,y,,
P00196,HOUSE_OVERSIGHT_022977,le • for House GOP: 'They are staring death in the face' •,Kimmel,test' to win his su ort • spills onto a Missouri school pla,PERSON,1,y,,
P01285,HOUSE_OVERSIGHT_033491,From: Lvjet Sent: 6/7/2014 5:00:22 PM To:,jeevacation,@gmail.com Subject: Fwd: Photos ----------MB_SD1508919E8E668,PERSON,1,y,,
P00232,HOUSE_OVERSIGHT_022977,JOIN THE DISCUSSION NEW STORIES Obamacare [REDACTED]How one,US,state is leading the charge to dismantle,GPE,3,y,,
P00997,HOUSE_OVERSIGHT_031192,"mportance: High DARREN K. INDYKE DARREN K. INDYKE, PLLC 575",Lexington Avenue,", 4th Floor New York, New York 10022 Telephone: Telecopier:",GPE,1,y,,
P01013,HOUSE_OVERSIGHT_031192,an't arrest Epstein. These are all lies by the President of,the United States,.,GPE,4,y,,
P00601,HOUSE_OVERSIGHT_026627,2ND DEBATE 3RD DEBATE Hillary Clinton Donald Trump 96 75 77,California,Trump 23% - Clinton 77% 4 25 23 1ST DEBATE 2ND DEBATE 3RD D,GPE,3,y,,
P01126,HOUSE_OVERSIGHT_031996,"on, Jan 5, 2015 at 6:12 PM, Christina Galbraith < > • From:",Jamie Rosenwald,"> > Date: Mon, Jan 5, 2015[REDACTED]at 5:07 PM > Subject: H",PERSON,9,y,,
P00391,HOUSE_OVERSIGHT_024271,che Bank VINNY LINGHAM | CEO: Gyft (acquired by First Data),BOBBY LEE,| CEO: BTC China NICCOLO DE MASI | CEO: Glu Mobile STEVE BE,PERSON,2,y,,
P00974,HOUSE_OVERSIGHT_031192,"r 24, 2015 at 11:44:20 AM EST To: ""Gary H. BaisallillW> Cc:",ANN BAISE,[REDACTED] Subject: Fwd: PPB Jeffrey Epstein News Latest Ne,PERSON,3,y,,
P00565,HOUSE_OVERSIGHT_025176,ed only for the use of the addressee. It is the property of,JEE,"Unauthorized use, disclosure or copying of this communicati",ORG,6,n,PERSON,
P00153,HOUSE_OVERSIGHT_022211, - were recruit. from middle schools and high schools around,P.m Beach County,. Epstein would pay the girls for massages and offer them fu,GPE,4,y,,
P00546,HOUSE_OVERSIGHT_024271,"tegrated with Twitter, GitHub, Reddit, Google+, Tumblr, and",YouTube,. We believe that ChangeTip’s micro transaction platform is,GPE,1,n,ORG,
P01014,HOUSE_OVERSIGHT_031192,wers Investors with a cover-up after taking $2 billion from,Towers,and depositing it into the Epstein Hedge Fund Financial Tru,ORG,2,y,,
P00641,HOUSE_OVERSIGHT_026938,"know why that person then loses their job."" • BURN IT DOWN",Sarah Silverman Throws Hulu,Under the Bus: Pck It',PERSON,4,y,,
P00290,HOUSE_OVERSIGHT_023038,5. Ms Maxwell led upstairs on her first visit to him at his,Palm Beach,house. Mr Epstein was naked on massage table. Ms Maxwell in,GPE,7,y,,
P00126,HOUSE_OVERSIGHT_022211,trattda erettrhi::O in=idts :reeegdt0 5t2 ie°rIiin:fdteorka:,eBal:ir C°untY,"st'kad""°nt:141'11:t was 50 wars oid. Epstein's sentencing h",GPE,1,y,,
P00162,HOUSE_OVERSIGHT_022211,sult with a defense at- Kenneth torney before they send out,Starr,standard victim notification letters. To negotiate what the,PERSON,9,y,,
P00212,HOUSE_OVERSIGHT_022977,161.png; Screen-Shot-2017-05-04-at-10.31.40-PM-300x161.png;,rsfooter-email-icon.gif,Importance: High i only forward this link so you're aware o,ORG,1,y,,
P01106,HOUSE_OVERSIGHT_031809,rd Kahn HBRK Associates Inc. 575 Lexington Avenue 4th Floor,"New York, NY","10022 tel fax cell On Jul 13, 2018, at 2:18 PM, jeffrey E.",GPE,3,y,,
P01303,HOUSE_OVERSIGHT_033491,'ll request rendering wi= th slanted Flag for Right side of,Vertical Stabilizer,",. =20 thank you, Larry=20 =20 =20 -----Original Message----",ORG,2,y,,
P00847,HOUSE_OVERSIGHT_029884,"LEMAN, LLP 515 N. Flagler Drive Suite #400 West Palm Beach,",FL,33401 From: Jeffrey Epstein [mailto:jeevacation@gmail.com],GPE,14,y,,
P00859,HOUSE_OVERSIGHT_029884,"rida Registered Paralegal BURMAN CRITTON LUTTIER & COLEMAN,",LLP,"515 N. Flagler Drive Suite #400 West Palm Beach, FL 33401 F",ORG,11,y,,
P00505,HOUSE_OVERSIGHT_024271,"Millennials USA, EU, AU Currency Controlled Markets Korea,",S. Africa,", China, India Unstable Markets Africa, Venezuela, Argentina",GPE,2,y,,
P00497,HOUSE_OVERSIGHT_024271,vestments • Duke Endowment • UC Berkeley Endowment Startups,RECOGNITION,#2 U.S. Long/Short Hedge Fund* $500 Million AUM 2.5x Ventur,ORG,1,y,,
P00636,HOUSE_OVERSIGHT_026938,o bat for her friend Al Franken. <matt-wilstein-author.jpg>,Matt Wilstein,03.26.19 4:12 AM ET Photo Illustration by The Daily Beast/G,PERSON,14,y,,
P00520,HOUSE_OVERSIGHT_024271,"eries A preferred ABRA July ’15 $100,000 Series A preferred",Stem,"August ’15 $250,000 Note discounted to Series A preferred C",ORG,2,n,PERSON,
P00642,HOUSE_OVERSIGHT_026938,AINMENT <190321-wilstein-sarah-silverman-tease tjmvn0.jpeg>,Sarah Silverman Throws Hulu Under the Bus: `F*ck It',<190318-last-laugh-trailer-tease q5y2es.jpeg> Comedians Rev,ORG,1,n,PERSON,
P00263,HOUSE_OVERSIGHT_023038,"otherwise. From: Sent: Friday, March 04, 2011 11:12 AM To:",Brett D. Jaffe,Subject: Ghislaine Maxwell,PERSON,6,y,,
P01017,HOUSE_OVERSIGHT_031192,ad. They are covering up the Epstein ponzi crimes. The Lisa,Twardeau,book states that the FBI is violating the law with this cov,PERSON,2,n,ORG,
P00998,HOUSE_OVERSIGHT_031192,"mportance: High DARREN K. INDYKE DARREN K. INDYKE, PLLC 575",Lexington Avenue,", 4th Floor New York, New York 10022 Telephone: Telecopier:",ORG,1,y,,
P00568,HOUSE_OVERSIGHT_025176,on de encyption algorithm built in. fyi having dinnner with,Jin Watson,". On Fri, Jan 20, 2017 at 1:28 AM, David Grosof wrote: At 10",PERSON,3,y,,
P00543,HOUSE_OVERSIGHT_024271,TenCent Singularity University IMI Exchange (2004-Present),Xfire,2.0 (2011-Present) Playsino (2011-Present) GoCoin (payment,ORG,3,y,,
P00276,HOUSE_OVERSIGHT_023038,NOTHING to do with me. I can't take any more of this. From:,Jeffrey Epstein,<jeevacation@gmail.com> To: The Duke Sent: Fri Mar 04 16:31,PERSON,10,y,,
P01024,HOUSE_OVERSIGHT_031442,"trader, who > understood Black Sholes and how to use it, at",Bear,", made good!! > • Unless your PR advisor is Donald Trump, I",ORG,6,y,,
P00983,HOUSE_OVERSIGHT_031192,ook she wrote that reveals everything about Epstein and the,Feds,' cover-up with President Obama. The Feds are bad. They are,ORG,2,y,,
P00574,HOUSE_OVERSIGHT_025176,o enhance productivity and focus on tasks at hand? My buddy,Reese Jones,has backed that; he has a fascinating set of beliefs and pr,PERSON,3,y,,
P01151,HOUSE_OVERSIGHT_032760,ed only for the use of the addressee. It is the property of,JEE,"Unauthorized use, disclosure or copying of this communicati",ORG,3,n,PERSON,
P01108,HOUSE_OVERSIGHT_031809,y expect more clarity from management before August expiry.,Paul, ,PERSON,6,y,,
P00951,HOUSE_OVERSIGHT_031112,opulists and nationalists who together won half the vote in,Italy,'s recent elections and are now set to govern. Bannon sees t,GPE,3,y,,
P00125,HOUSE_OVERSIGHT_022211,trattda erettrhi::O in=idts :reeegdt0 5t2 ie°rIiin:fdteorka:,eBal,":ir C°untY st'kad""°nt:141'11:t was 50 wars oid. Epstein's se",PERSON,1,n,ORG,
P00214,HOUSE_OVERSIGHT_022977,een-Shot-2017-05-04-at-8.56.43-PM-410x220.png; default.gif;,Sad-Paul-Ryan-yia,-twitter- 290x156.png; Tennessee-Goy-Steye-Bashear-yia-scree,PERSON,1,y,,
P01282,HOUSE_OVERSIGHT_033491,"a; font-size: lOpt;""= >-----Original Message-----<br> From:",Guy Amico &,"lt;<a href=3D""mailto gt;<br> To: Larry Visoski &lt;<a href=3",ORG,1,y,,
P00555,HOUSE_OVERSIGHT_025176,E. [jeevacation@gmail.com] Sent: 1/20/2017 12:32:18 PM To:,David Grosof,"Subject: Re: Your Special Day Importance: High yes , now as",PERSON,21,y,,
P00737,HOUSE_OVERSIGHT_027455,jee\Library\Messages\Archive\2018-10-24111 on 2018-09-29 at,15.27.26.ichat Service,: iMessage Start Time: 09/29/18 12:11:39 PM (559941099) End,ORG,1,y,,
P01146,HOUSE_OVERSIGHT_032423,but I am struck by the similar mannerisms between Trump and,McGyver,Sent from my iPad please note The information contained in,PERSON,2,y,,
P00138,HOUSE_OVERSIGHT_022211,12 The Virgin Islands Daily News PERVERSION OF,JUSTICE,"Saturday, March 2, 2019 Federal prosecutors admit backing d",ORG,2,y,,
P00710,HOUSE_OVERSIGHT_027278,ntosh HD\root\Users\jee\Library\Messages\Archive\2018-06-16\,Terje,on 2018-06-09 at 17.38.08.ichat Service: iMessage Start Tim,PERSON,3,y,,
P01155,HOUSE_OVERSIGHT_032760,rect all scheduling inquiries to my office at: Follow me on,twitter glhsummers,"www.larrysummers.com On Mar 25, 2018, at 12:35 PM, jeffrey",ORG,3,n,PERSON,
P00626,HOUSE_OVERSIGHT_026938,RG DSCO2899 fvmyhajpeg> Sarah Silverman on 'The Last Laugh',Cassandra Church,/Starburns Audio On the 'bullshit' allegations against Al Fr,PERSON,2,y,,
P01295,HOUSE_OVERSIGHT_033491,Original Message----- From: Guy Amico To: Larry Visoski Cc:,Scott Stambau,"JR Stambaugh Sent: Sat, Jun 7, 20141:1 Subject: Photos =20",PERSON,2,y,,
P01022,HOUSE_OVERSIGHT_031442,"sfer-Encoding: quoted-printable <div dir=3D""ltr"">thanks,=C2=",A0,"what is david doing?<br></div><div class=3D""= gmail_extra"">",ORG,2,n,PERSON,
P00706,HOUSE_OVERSIGHT_027278,B045169 Message: Kurtz important. As he will host trump and,Putin,Sender: e:jeeitunes@gmail.com Time: 06/10/18 08:44:07 AM (5,PERSON,1,y,,
P00889,HOUSE_OVERSIGHT_030408,efends Iran business ties after Trump threat Reply-To: From,Reuters News,: China defends Iran business ties after Trump threat http :,ORG,1,y,,
P00719,HOUSE_OVERSIGHT_027428,"gh.? that's a prosecution question , not a defense question",DOPE,!! Sender: Time: 09/28/18 07:28:12 AM (559837692) Flags: 106,PERSON,1,n,ORG,
P00163,HOUSE_OVERSIGHT_022211,". letter and through a spokesmail for his current law finn,",the Lanier Finn,", but did not receive a response for this story. Palm Beach",ORG,1,y,,
P00571,HOUSE_OVERSIGHT_025176,and mutually reinforcing values: Public Library of Science (,PLoS,"), Wikipedia, Internet Archive, Electronic Frontier Foundati",ORG,3,y,,
P00503,HOUSE_OVERSIGHT_024271,"frastructure.” -­‐ Anju Patwardhan, Chief InnovaDon Officer",Royal Bank of Scotland -­‐,announced a $3.5 Billion technology revamp over next 3 year,ORG,5,y,,
P00166,HOUSE_OVERSIGHT_022211,12,The Virgin Islands Daily News,"PERVERSION OF JUSTICE Saturday, March 2, 2019 Federal prose",ORG,3,y,,
P00715,HOUSE_OVERSIGHT_027278,ll is one of the most insightful and influential players in,Washington,"( and very close to the President), would like to see you o",GPE,2,y,,
P00431,HOUSE_OVERSIGHT_024271,Mortgage/loan records Arbitration Grades Patents Copyrights,Digital Coupons,Servicing records Micro-charity Certifications Academic Cre,ORG,1,y,,
P00426,HOUSE_OVERSIGHT_024271,nion Bank (Mitsubishi UFJ Financial Group) SIMON MCNAMARA |,CTO,": RBS, ex-CIO of Standard Chartered, BNP and Deutsche Bank V",ORG,1,y,,
P01135,HOUSE_OVERSIGHT_031996,W5dVjN082p/uKfq1qTsL/HmZKLlyewni:16GxSE02JRyIfjp9r6s hObA==,MIME-Version,: 1.0 X-Received: by 10.195.12.15 with SMTP id eml5mr1665634,ORG,1,y,,
P01296,HOUSE_OVERSIGHT_033491,"o gt;<br> To: Larry Visoski &lt;<a href=3D""mailtc ;<br> Cc:",Scott Stambau h &,"lt.<a href=3D""mailto corn"" =3D""mal o. .com</a>&gt;<br> Sent:",PERSON,3,n,ORG,
P00979,HOUSE_OVERSIGHT_031192,Text Only You Have Photo Importance: High DARREN K. INDYKE,"DARREN K. INDYKE, PLLC","575 Lexington Avenue, 4th Floor New York, New York 10022 Te",ORG,6,y,,
P00408,HOUSE_OVERSIGHT_024271,hain.capital 16 CCP II - SERVICE PROVIDERS ADMINISTRATION /,CFO Kranz & Associates,LEGAL Sidley Austin TAX / AUDIT Crawford Pimintel BANK Sili,ORG,2,y,,
P00861,HOUSE_OVERSIGHT_029884,on Subject: RE: Jane Doe Does this mean you have service on,Maxwell,feJjka Certified Paralegal Florida Registered Paralegal BUR,ORG,3,n,PERSON,
P00954,HOUSE_OVERSIGHT_031112,"idterms By Fareed Zakaria, Friday, June 1, 2018 ROME -- The",Republican Party,faces dim prospects in the midterm elections. But it doesn',ORG,3,y,,
P01300,HOUSE_OVERSIGHT_033491,""" style=3D""marg= in: Opx; color: rgb(0, 0, 0); font-family:",Tahoma,", Verdana, Anal, Sans-Ser= if; font-size: 12px; background-c",ORG,8,y,,
P00180,HOUSE_OVERSIGHT_022977,"effrey Epstein (left, via YouTube screengrab) and President",Donald Trump,"(right, via Creative Commons) DON'T MISS STORIES. FOLLOW RA",PERSON,4,y,,
P00936,HOUSE_OVERSIGHT_031112,isas is that talented immigrants will simply go elsewhere —,Canada,", Britain, Australia — and start successful companies there.",GPE,6,y,,
P00452,HOUSE_OVERSIGHT_024271,"that is currently integrated with Twitter, GitHub, Reddit,",Google+,", Tumblr, and YouTube. We believe that ChangeTip’s micro tra",GPE,1,n,ORG,
P00663,HOUSE_OVERSIGHT_027030,"ment, Penny Prizker, understated her income by $80 million.",Emily Heil, ,PERSON,5,y,,
P01042,HOUSE_OVERSIGHT_031442,ass= D gmal _quote sty e= D margin:0 0 0 .8ex;b= order-left:,"lpx #ccc solid;padding-left:lex""><div dir=3D""ltr""><br><div class=","=3D""gmail_quote""›---------- Forwarded message ----------<br",ORG,3,y,,
P00873,HOUSE_OVERSIGHT_029884,"y. They just filed an emergency protective order frJaca e?,",YA,? Certified Paralegal Florida Registered Paralegal BURMAN CR,PERSON,3,y,,
P00117,HOUSE_OVERSIGHT_022211,""""" In recent court filings, the government was fore. to ans,",Aer,"questions about its negotiations, fin.ly admitting in 2013",ORG,1,y,,
P00838,HOUSE_OVERSIGHT_029884,", eg; cia' Certified Paralegal Florida Registered Paralegal",BURMAN CRITTON LUTTIER & COLEMAN,", LLP 515 N. Flagler Drive Suite #400 West Palm Beach, FL 33",ORG,11,y,,
P01021,HOUSE_OVERSIGHT_031192,w York Post Publishing INC. C E TOWERSINVESTORS.COM C E SEE,VVWW.POST PUBLISHING.BUZZ,THE JESUS CHRIST ON LINE GODs WORD NEWSPAPER MR HOFFENBERG,PERSON,2,n,ORG,
P00394,HOUSE_OVERSIGHT_024271,4 EXPERIENCED TEAM IN INVESTING BART STEPHENS BRAD STEPHENS,BROCK PIERCE,PAUL STEPHENS EXPERIENCE • Stephens Inv. Mgmt. • Ivanhoe Ca,PERSON,7,y,,
P00627,HOUSE_OVERSIGHT_026938,RG DSCO2899 fvmyhajpeg> Sarah Silverman on 'The Last Laugh',Cassandra Church/Starburns Audio,"On the 'bullshit' allegations against Al Franken ""I can onl",ORG,3,n,PERSON,
P00289,HOUSE_OVERSIGHT_023038,"e From: Mark Cohen Date: Fri, 4 Mar 2011 11:14:35 -0500 To:",NY Max,"<gmaxl@ellmax.com> Subject: FW: Ghislaine Maxwell FYI, foll",PERSON,2,n,ORG,
P00143,HOUSE_OVERSIGHT_022211,"tter and through a spokesmail for his current law finn, the",Lanier Finn,", but did not receive a response for this story. Palm Beach",ORG,2,n,PERSON,
P00682,HOUSE_OVERSIGHT_027030,AM To: Jeffrey Epstein [jeeyacation@gmail.com] Subject: RE:,Pritzker Alert,Importance: High Always fun. From: Jeffrey Epstein [mailto:,PERSON,8,y,,
P01002,HOUSE_OVERSIGHT_031192,", 4th Floor New York, New York 10022 Telephone: Telecopier:",Mobile,email: ****************************************************,ORG,2,y,,
P00987,HOUSE_OVERSIGHT_031192,"hoffenberg Date: December 24, 2015 at 11:44:20 AM EST To: """,Gary H. Baisallill,W> Cc: ANN BAISE [REDACTED] Subject: Fwd: PPB Jeffrey Epstei,PERSON,1,y,,
P00176,HOUSE_OVERSIGHT_022977,BC-410x220.png; Sad-Paul-Ryan-via-twitter-410x220.png; Sen.-,Bill- Cassidy,-CNN-410x220.png; Screenshot-814-410x220.png; trumpepstein2-,PERSON,2,y,,
P00533,HOUSE_OVERSIGHT_024271,obertson Stephens & Co. • RS Investments • Duke Endowment •,UC Berkeley Endowment,Startups RECOGNITION #2 U.S. Long/Short Hedge Fund* $500 Mi,ORG,2,y,,
P00645,HOUSE_OVERSIGHT_026938,Why Sarah Silverman Is 'Thankful' for Trump Matt Wilstein <,SS,tulqlf.jpeg> On looking like an 'asshole' after commenting,ORG,1,y,,
P00705,HOUSE_OVERSIGHT_027278,f your colleagues in Europe. I am having dinner with him in,Paris,on 22 June. He could come to Vienna any time between the 23,GPE,5,y,,
P00160,HOUSE_OVERSIGHT_022211,May after a brief illness. He ftrattda erettrhi::O in=idts :,reeegdt0 5t2 ie,"°rIiin:fdteorka:eBal:ir C°untY st'kad""°nt:141'11:t was 50 wa",ORG,2,y,,
P00993,HOUSE_OVERSIGHT_031192,"e: December 24, 2015 at 11:08:55 AM EST To: Cc: 5ubject PPB",Jettrey Eps,Only You Have Photo New Book Rips Jeffrey Epstein's $50 Bil,GPE,1,n,PERSON,
P00967,HOUSE_OVERSIGHT_031112,egin to see the elements of Bernie Sanders coupled with the,Trump,movement that really becomes a dominant political force in,ORG,7,n,PERSON,
P00827,HOUSE_OVERSIGHT_029304,"business endeavors, in his capacity of Managing Director of",Business Development and Special Counsel,. Michael was a person that I would call into my office and,ORG,1,y,,
P00711,HOUSE_OVERSIGHT_027278,"49837) Last Message ID: 16385 Chat Room: Participants: jee,",Terje Presentity,"IDs: e:jeeitunes@gmail.com, Messages - Sender: Time: 06/09/",PERSON,1,n,ORG,
P00425,HOUSE_OVERSIGHT_024271,oup • Princeton • Stephens Inv. Mgmt. • Fidelity Ventures •,CSFB,• Furman Selz • Duke • Chairman of the Bitcoin Foundation B,ORG,2,y,,
P01302,HOUSE_OVERSIGHT_033491,"3D""marg= in: Opx; color: rgb(0, 0, 0); font-family: Tahoma,",Verdana,", Anal, Sans-Ser= if; font-size: 12px; background-color: rgb",ORG,8,y,,
P01128,HOUSE_OVERSIGHT_031996,"y@jeffreyepstein.org"" <Jeffrey@jeffreyepstein.org> > • Dear",Jeff,", > • Your name popped up again in the Press and I thought i",PERSON,8,y,,
P00941,HOUSE_OVERSIGHT_031112,ay at 10 am ET. NOTE: This e-mail message is subject to the,Dubai World Group,disclaimer see http://www.dubaiworld.ae/email disclaimer,ORG,1,y,,
P00713,HOUSE_OVERSIGHT_027278,you on various issues. He is now working very closely with,Victor Orban,and other of your colleagues in Europe. I am having dinner,PERSON,2,y,,
P00266,HOUSE_OVERSIGHT_023038,tairs on her first visit to him at his Palm Beach house. Mr,Epstein,was naked on massage table. Ms Maxwell initiated a bisexual,PERSON,26,y,,
P01107,HOUSE_OVERSIGHT_031809,"RK Associates Inc. 575 Lexington Avenue 4th Floor New York,",NY,"10022 tel fax cell On Jul 13, 2018, at 2:18 PM, jeffrey E.",GPE,7,y,,
P00178,HOUSE_OVERSIGHT_022977,"YouTube screengrab) and President Donald Trump (right, via",Creative Commons,) DON'T MISS STORIES. FOLLOW RAW STORY! Last fall's allegati,ORG,2,y,,
P00198,HOUSE_OVERSIGHT_022977,for its •ty of the GOP health care bill are deplorable' •,Meyers,hilariously taunts a White House 'detached from reality' pi,PERSON,2,y,,
P01012,HOUSE_OVERSIGHT_031192,o was Epstein's boss at Towers Investors. Epstein defrauded,the Towers Investors,with a cover-up after taking $2 billion from Towers and dep,ORG,2,y,,
P00531,HOUSE_OVERSIGHT_024271,oin micropayment platform that is currently integrated with,Twitter,", GitHub, Reddit, Google+, Tumblr, and YouTube. We believe t",ORG,2,y,,
P00606,HOUSE_OVERSIGHT_026627,chances 64 72 59 36 28 41 1ST DEBATE 2ND DEBATE 3RD DEBATE,Hillary Clinton,Donald Trump Winning Chances Clinton: 59% – Trump: 41% Winn,PERSON,23,y,,
P01301,HOUSE_OVERSIGHT_033491,s would enable easy removal if = plane sells in the future.,Trump,"and other airlines uses vinyl for logos,.= =20 can you sket",ORG,6,n,PERSON,
P00173,HOUSE_OVERSIGHT_022977,ok-300x161.png; Big-Bang-Theory-1-300x161.jpg; Iyanka-Trump-,ABC-News,-300x161.png; a45-300x161.jpg; Black-teen-confronts-white-te,ORG,1,y,,
P00136,HOUSE_OVERSIGHT_022211,ral prosecutors had back. down under relentless pressure by,Jeffrey Epstein,", attomeys. ""The government admits that, at least in part as",PERSON,5,y,,
P01148,HOUSE_OVERSIGHT_032423,"turb you, but I am struck by the similar mannerisms between",Trump,and McGyver Sent from my iPad please note The information c,ORG,1,n,PERSON,
P00203,HOUSE_OVERSIGHT_022977,ing policy. READ COMMENTS - JOIN THE DISCUSSION NEW STORIES,Obamacare,[REDACTED]How one US state is leading the charge to dismant,ORG,4,y,,
P00981,HOUSE_OVERSIGHT_031192,er taking $2 billion from Towers and depositing it into the,Epstein Hedge Fund Financial Trust Corp.,Lisa Twardeau died when she was going to expose the fact th,ORG,1,y,,
P00523,HOUSE_OVERSIGHT_024271,OBBY LEE | CEO: BTC China NICCOLO DE MASI | CEO: Glu Mobile,STEVE BEAUREGARD,| CEO: GoCoin CHRIS PALLOTTA | Special Advisor: MIT Media L,PERSON,2,y,,
P00151,HOUSE_OVERSIGHT_022211,"irls, not only in P.m Beach, but at his homes in Manhattan,",New Mexico,and on Litde St. James island in the U.S. Virgin Islands Sp,GPE,3,y,,
P00279,HOUSE_OVERSIGHT_023038,w. Ms Maxwell and Mr Epstein subsequently travelled with to,Little St James,where she was directed to stage an orgy for Andrew and Mr E,PERSON,3,n,GPE,
P00887,HOUSE_OVERSIGHT_030408,formation to this group. Disclaimer: Posting of articles to,Red Star Rising,does not indicate endorsement of the arguments or verificat,ORG,2,y,,
P00726,HOUSE_OVERSIGHT_027428,ion: No GUID: AD182B69-3BD9-4ED7-B025-A94F802DEEDO Message:,musk,believed and is a victim of arab bluster bloviating and is,PERSON,2,y,,
P00837,HOUSE_OVERSIGHT_029884,"ent: Thursday, August 06, 2009 9:59 AM To: Jessica Cadwell;",Bradley J. Edwards,Cc: Robert D. Critton Jr. Subject: RE: Jane Doe Brad is out,PERSON,3,y,,
P00854,HOUSE_OVERSIGHT_029884,"y, August 10, 2009 3:18 PM To: Jessica Cadwell Subject: RE:",Jane Doe Jessica,— is the depo of going forward on Friday From: Jessica Cadw,PERSON,3,y,,
P00213,HOUSE_OVERSIGHT_022977,png; Tennessee-Goy-Steye-Bashear-yia-screencap-300x161.png;,Sad-Paul-Ryan-via-twitter-300x161.png,; Sen.-Bill-Cassidy-CNN-300x161.png; A-judges-gavel-Shutters,ORG,1,n,PERSON,
P00200,HOUSE_OVERSIGHT_022977,g; Texas-Governor-Greg- Abbott-410x220.jpg; Joe-Scarborough-,MSNBC,-410x220.png; Sad-Paul-Ryan-via-twitter-410x220.png; Sen.-Bi,ORG,2,y,,
P00667,HOUSE_OVERSIGHT_027030,R • EISENBERG Two North LaSalle Street • Suite 1700 Chicago,IL,• 60602-3801 direct fax http://www.ngelaw.com<http://www.ng,GPE,1,y,,
P00702,HOUSE_OVERSIGHT_027278,Source Entry: H\Macintosh HD\root\Users\,jee,\Library\Messages\Archive\2018-06-16\Terje on 2018-06-09 at,PERSON,1,y,,
P00573,HOUSE_OVERSIGHT_025176,rk with largely consistent and mutually reinforcing values:,Public Library of Science,"(PLoS), Wikipedia, Internet Archive, Electronic Frontier Fo",ORG,3,y,,
P01029,HOUSE_OVERSIGHT_031442,financial successes since your days as > my Physics prof at,Dalton,"!! The young, bright options trader, who > understood Black",ORG,4,y,,
P00884,HOUSE_OVERSIGHT_030408,ed only for the use of the addressee. It is the property of,JEE,"Unauthorized use, disclosure or copying of this communicati",ORG,2,n,PERSON,
P01130,HOUSE_OVERSIGHT_031996,"iv><font face=3D""arial narrow,sans-serif"" color=3D""#0b5394"">",Jeffrey Epstei= n VI Foundation,"</font></div><div><font face=3D""arial narrow sans-serif"" col",ORG,1,n,PERSON,
P00622,HOUSE_OVERSIGHT_026938,ion by The Daily Beast/Getty Subscribe to The Last Laugh on,Apple Podcasts,"Wearing a rainbow-striped hoodie and a ""Beer Nuts"" baseball",ORG,2,y,,
P00613,HOUSE_OVERSIGHT_026627,2ND DEBATE 3RD DEBATE Hillary Clinton Donald Trump 65 66 79,Texas,Trump 79% - Clinton 21% 35 34 21 1ST DEBATE 2ND DEBATE 3RD,GPE,3,y,,
P01131,HOUSE_OVERSIGHT_031996,,Jeffrey Epstein VI Foundation,,ORG,1,y,,
P01120,HOUSE_OVERSIGHT_031996,financial successes since your days as > my Physics prof at,Dalton,"!! The young, bright options trader, who > understood Black",PERSON,2,n,ORG,
P00478,HOUSE_OVERSIGHT_024271,is not duplicable in the digital world has enormous value.”,Milton Friedman,(1999) “I think the Internet is going to be one of the majo,PERSON,2,y,,
P00734,HOUSE_OVERSIGHT_027428,sage: Is the dollars strength showing vote of confidence in,US,economy?? Sender: e:jeeitunes@gmail.com Time: 09/28/18 09:4,GPE,9,y,,
P01305,HOUSE_OVERSIGHT_033491,"otos of unmasked B727,Anbsp;Paint shop indicated we can use",Vinyl,"f= or your ""E"" Logo and ""Flag"" as oppose of painting, this",ORG,1,y,,
P00655,HOUSE_OVERSIGHT_026938,dots not the big picture. But I just can't believe it. The,U.S.O.,"thing is bullshit and if you watch the sketch they did, giv",ORG,3,y,,
P00980,HOUSE_OVERSIGHT_031192,"the time Lisa became the wife of Steven Hoffenberg, who was",Epstein,'s boss at Towers Investors. Epstein defrauded the Towers In,PERSON,10,y,,
P00860,HOUSE_OVERSIGHT_029884,"Suite #400 West Palm Beach, FL 33401 From: Jacquie Johnson [",mailto Sent,": Tuesday, August 11, 2009 2:55 PM To: Jessica Cadwell Subje",PERSON,7,y,,
P00414,HOUSE_OVERSIGHT_024271,"is watershed development,” -­‐ Robert Greifeld, NASDAQ CEO,",Ci<," -­‐ launched “Ci<coin” project ""Blockchain technology not o",ORG,1,y,,
P00526,HOUSE_OVERSIGHT_024271,"ON | Director: VISA, ex-CEO and Chair of Pillsbury Winthrop",TERRY SCHWAKOPF,"| EVP: Federal Reserve Bank of San Francisco, banking super",PERSON,1,y,,
P01290,HOUSE_OVERSIGHT_033491,y=20 =20 =20 -----Original Message----- From: Guy Amico To:,Larry Visoski Cc,": Scott Stambau JR Stambaugh Sent: Sat, Jun 7, 20141:1 Subje",PERSON,2,y,,
P00273,HOUSE_OVERSIGHT_023038,", Mar 4, 2011 at 8:28 AM Subject: FW: Ghislaine Maxwell To:",J Jep,<jeevacation@gmail.com> ---- Forwarded Message From: Mark C,PERSON,1,y,,
P00167,HOUSE_OVERSIGHT_022211,"n Epstein's attorneys applied relentless pressure, they say",tliTaild,"""`"""" In recent court filings, the government was fore. to an",PERSON,1,y,,
P00445,HOUSE_OVERSIGHT_024271,rinceton • Stephens Inv. Mgmt. • Fidelity Ventures • CSFB •,Furman Selz,• Duke • Chairman of the Bitcoin Foundation Board • Founded,ORG,2,n,PERSON,
P00863,HOUSE_OVERSIGHT_029884,"Subject: Jane Doe Brad — In your answers to ROGS, you list",Milton Center,for girls as facility that Jane Doe attended. Milton Center,ORG,1,y,,
P00891,HOUSE_OVERSIGHT_030408,it. You received this message because you are subscribed to,the Google Groups,"""Fanell's Red Star Rising"" group. To unsubscribe from this",ORG,1,y,,
P00671,HOUSE_OVERSIGHT_027030,"CDT To: ""Eisenberg, Marshall E."" <lell<mailto>>, ""Richman,",Lawrence I.,""" < Subject: Pritzker Alert <mailto: >> WashingtonPost.com<h",PERSON,2,y,,
P00148,HOUSE_OVERSIGHT_022211, ,Miami Herald,"reach. out to Starr, though cettifi. letter and through a s",ORG,2,y,,
P00262,HOUSE_OVERSIGHT_023038,pstein's Palm Beach house. 13. Ms Maxwell piloted President,Bill Clinton,in a helicopter to a dinner on Little St James where two br,PERSON,3,y,,
P00418,HOUSE_OVERSIGHT_024271,a Collective WILL O’BRIEN | Co-founder: BitGo CHARLIE LEE |,Coinbase,", Founder of Litecoin * Chairman of the Advisory Board Built",ORG,3,y,,
P00558,HOUSE_OVERSIGHT_025176,"lic Library of Science (PLoS), Wikipedia, Internet Archive,",Electronic Frontier Foundation,", and Creative Commons, along with allied US, UK, European g",ORG,3,y,,
P00675,HOUSE_OVERSIGHT_027030,ngs indicated she made at least $80 million more than that.,Monice M. Kaczorowski,Chief Knowledge Officer NEAL • GERBER • EISENBERG Two North,PERSON,1,y,,
P00509,HOUSE_OVERSIGHT_024271,ICE PROVIDERS ADMINISTRATION / CFO Kranz & Associates LEGAL,Sidley,Austin TAX / AUDIT Crawford Pimintel BANK Silicon Valley Ba,ORG,2,y,,
P01040,HOUSE_OVERSIGHT_031442,"iv><font face=3D""arial narrow,sans-serif"" color=3D""#0b5394"">",Jeffrey Epstei,"= n VI Foundation or=3D""#0b5394""> ></font></div><div><a href",ORG,1,n,PERSON,
P00205,HOUSE_OVERSIGHT_022977,Abbott-410x220.jpg; Joe-Scarborough-MSNBC-410x220.png; Sad-,Paul-Ryan,-via-twitter-410x220.png; Sen.-Bill- Cassidy-CNN-410x220.png,PERSON,2,y,,
P00532,HOUSE_OVERSIGHT_024271,"nt Stock, Bonds, Derivatives, etc Remittance Hot Spots USA,",UAE," -> India, Mexico, Philip. Early-Adopt Millennials USA, EU,",GPE,1,y,,
P00530,HOUSE_OVERSIGHT_024271,"currently integrated with Twitter, GitHub, Reddit, Google+,",Tumblr,", and YouTube. We believe that ChangeTip’s micro transaction",ORG,2,y,,
P00462,HOUSE_OVERSIGHT_024271,"preferred Coinbase December ’14 $200,000 Series C preferred",itBit,"January ’15 $250,000 Series B preferred Ripple March ’15 $2",ORG,2,y,,
P00869,HOUSE_OVERSIGHT_029884,son Subject: RE: Jane Doe Great thank you. Do you have your,Stays,"signed yet? feJjka &dazeEE e?, cia' Certified Paralegal Flo",PERSON,1,n,ORG,
P00844,HOUSE_OVERSIGHT_029884,ice facility; therefore I will need to get her records from,DJJ,. DJJ will not release the records without a signed release,ORG,1,y,,
P00849,HOUSE_OVERSIGHT_029884,out a signed release by Jane Doe. I have attached a general,HIPPA,release for your review. Would you please have Jane Doe sig,ORG,1,y,,
P00566,HOUSE_OVERSIGHT_025176,"20, 2017 at 1:07 AM, David Grosof <[REDACTED]> wrote: Dear",Jeffrey,", A Congratulations on another spin around the sun. A I woul",PERSON,2,y,,
P00168,HOUSE_OVERSIGHT_022211,"Manhattan, New Mexico and on Litde St. James island in the",U.S. Virgin Islands,"Special treatment in prison In 2007, the .1 had prepared a",GPE,3,y,,
P01147,HOUSE_OVERSIGHT_032423,but I am struck by the similar mannerisms between Trump and,McGyver Sent,from my iPad please note The information contained in this,PERSON,1,y,,
P00219,HOUSE_OVERSIGHT_022977,iously taunts a White House 'detached from reality' picer':,Seth,SEE ALL RAW STORIES SIGN UP FOR OUR NEWSLETTER Get the best,PERSON,2,y,,
P00402,HOUSE_OVERSIGHT_024271,ALLOCATION 50% 30% 20% New CCP II investments Reserves for,CCP,II follow-on rounds Option to use CCP I’s follow-on rights,ORG,4,y,,
P01011,HOUSE_OVERSIGHT_031192,law with this cover-up. The book says President Obama told,the Attorney General,that Jeffrey Epstein was cooperating in an overseas banking,PERSON,1,y,,
P00960,HOUSE_OVERSIGHT_031112,M To: Jeffrey Epstein [jeevacation@gmail.com] Subject: Fwd:,Steve Bannon's,clever idea to save the GOP from brutal midterms Sent from,PERSON,7,y,,
P00265,HOUSE_OVERSIGHT_023038,"Maxwell and Mr Epstein, including Glenn Dubin, Les Wexner,",Ehud Barak,", former Senator George Mitchell and Stephen Kosslyn. 6. Ms",PERSON,6,y,,
P00625,HOUSE_OVERSIGHT_026938,"a ""Beer Nuts"" baseball cap, Sarah Silverman strode into our",Burbank,recording studio ready to talk. It had been just a few week,ORG,1,y,,
P01105,HOUSE_OVERSIGHT_031809,rd Kahn HBRK Associates Inc. 575 Lexington Avenue 4th Floor,New York,", NY 10022 tel fax cell On Jul 13, 2018, at 2:18 PM, jeffrey",GPE,7,y,,
P00494,HOUSE_OVERSIGHT_024271,E • Stephens Inv. Mgmt. • Ivanhoe Capital • E*Trade Group •,Princeton,• Stephens Inv. Mgmt. • Fidelity Ventures • CSFB • Furman S,ORG,2,y,,
P00164,HOUSE_OVERSIGHT_022211,"fem.e students against members of the school, footb.I team.",The Miami Herald,"reach. out to Starr, though cettifi. letter and through a s",ORG,1,y,,
P01100,HOUSE_OVERSIGHT_031809,ed only for the use of the addressee. It is the property of,JEE,"Unauthorized use, disclosure or copying of this communicati",ORG,2,n,PERSON,
P00886,HOUSE_OVERSIGHT_030408,"e because you are subscribed to the Google Groups ""Fanell's",Red Star,"Rising"" group. To unsubscribe from this group and stop rece",ORG,1,y,,
P00939,HOUSE_OVERSIGHT_031112,migration controls has an undeniable mainstream appeal. The,Democratic Party,"is too far to the left on many of these issues, embracing c",ORG,1,y,,
P00654,HOUSE_OVERSIGHT_026938,jpeg> • GIVING THANKS Why Sarah Silverman Is 'Thankful' for,Trump,Matt Wilstein <SS tulqlf.jpeg> On looking like an 'asshole',PERSON,4,y,,
P01006,HOUSE_OVERSIGHT_031192,"e Photo Importance: High DARREN K. INDYKE DARREN K. INDYKE,",PLLC,"575 Lexington Avenue, 4th Floor New York, New York 10022 Te",ORG,5,y,,
P00470,HOUSE_OVERSIGHT_024271,"eries A at 4.5x Kraken April ’14 $70,000 Series A preferred",LedgerX,"July ’14 $50,000 Series A preferred BitAccess September ‘14",ORG,2,y,,
P00567,HOUSE_OVERSIGHT_025176,From:,jeffrey E.,[jeevacation@gmail.com] Sent: 1/20/2017 12:32:18 PM To: Dav,PERSON,12,y,,
P00192,HOUSE_OVERSIGHT_022977,BAI 04 MAY 2017 AT 16:45 ET Facebook8.8K8.9KSkvoeMore299300,Jeffrey Epstein,"(left, via YouTube screengrab) and President Donald Trump (",PERSON,7,y,,
P00687,HOUSE_OVERSIGHT_027030,ashingtonPost.com<http://WashingtonPost.com> Copyright 2013,The Washington Post,"May 22, 2013 Section: in-the-loop Obama nominee Penny Pritz",ORG,2,y,,
P00506,HOUSE_OVERSIGHT_024271,", LLC CCP II, LP OCTOBER 2015 ONE FERRY BUILDING, SUITE 255",SAN FRANCISCO,", CA 94111 investor@blockchain.capital 1 TECHNOLOGY THOUGHT-",GPE,39,y,,
P00833,HOUSE_OVERSIGHT_029304,"fitable. incerely Donald Trump 725 FIFTH AVENUE • NEW YORK,",NY,10022 •,GPE,2,y,,
P00883,HOUSE_OVERSIGHT_030408,:21 PM To: Steve Bannon Subject: Re: Reuters: China defends,Iran,business ties after Trump threat https://www.klearwaterstor,GPE,8,y,,
P00721,HOUSE_OVERSIGHT_027428,"h America, ie venezuela argentina Brazil failed socialism -",India,. CONFIDENCE IN THE FUTURE- US Sender: e:jeeitunes@gmail.com,GPE,3,y,,
P00755,HOUSE_OVERSIGHT_027455,and pound. Instead of rehashing napoleons battle plans for,Waterloo,. 0 Sender: e:jeeitunes@gmail.com Time: 10/24/18 06:41:42 A,GPE,2,y,,
P00375,HOUSE_OVERSIGHT_024271,coin is be0er than currency…a technological tour de force.”,Ben Bernanke,"“[Virtual Currencies] may hold long-­‐term promise, parDcul",PERSON,2,y,,
